model,gnafbar,nafmvhalf,nafmslope,nafmfactor,nafhvhalf,nafhslope,nafhfactor,gkdrbar,kdrnvhalf,kdrnslope,kdrnfactor,ghcnsbar,hcnratio,hcnmifo,hcnmiso,hcnmifd,hcnmisd,hcnffactor,hcnsfactor,gnapbar,napmvhalf,napmslope,napmfactor,naphvhalf,naphslope,naphfactor,gkabar,kamvhalf,kamslope,kamfactor,kahvhalf,kahslope,kahfactor,ghvabar,hvamvhalf,hvamslope,hvamfactor,hvahvhalf,hvahslope,hvahfactor,glvabar,lvamvhalf,lvamslope,lvamfactor,lvahvhalf,lvahslope,lvahfactor,gkmbar,kmvhalfl,kmkl,kmmfactor,gskbar,Rm,tauca,CM
0,4765880.0,-26.081997,8.9123755,1.030942,-20.078032,5.2723341,0.95875198,3108793.5,-17.417606,18.230761,1.101038,24317.836,2.193996,71.995735,1.463661,11.700787,13.828268,0.906973,0.95287502,64532.387,45.784485,5.1943612,1.004385,44.268085,10.700297,1.1210099,26325.611,-18.064455,16.317701,0.98511302,-57.547764,6.8846912,1.123463,174604.77,6.7483482,9.1057196,0.933492,40.067921,10.670987,1.122735,57517.66,-49.040756,8.8258181,0.94785798,-86.570389,7.409616,1.155318,141421.94,-43.289959,-8.972908,1.014706,78207.836,26299.055,145.9541,1.0337141
1,4499819.5,-21.672049,10.626158,0.85289598,-28.326336,6.7718992,1.18504,1587249.4,-14.431284,17.068766,1.056585,31124.078,1.8660949,70.111168,1.6957279,11.039925,14.73884,0.93779403,0.88304198,30668.527,48.642452,4.0522871,0.807908,52.784039,11.452334,0.937464,13037.66,-22.547224,16.180246,1.160308,-53.744251,8.9239817,1.021281,151913.7,7.8599348,8.6577063,1.002501,40.15736,10.25322,1.1494091,131113.03,-57.088589,7.0452971,1.15286,-90.43911,6.5237031,0.884381,133085.11,-35.822376,-10.824162,1.093261,61263.871,75185.242,144.02496,0.90988499
2,4232064.0,-26.910824,8.4050264,0.98747098,-25.697306,6.905333,0.89750397,4088205.5,-20.628794,19.089108,0.83965498,63731.191,1.757066,75.371284,2.2803979,9.7127275,16.967888,0.82997501,0.99894899,33002.496,48.394688,4.1872821,1.090837,47.614704,11.87812,1.066805,40517.57,-14.696797,16.627439,0.82138503,-61.599712,9.1964045,1.127322,294612.5,7.472352,7.208354,1.150234,35.079506,9.032217,0.88534099,151182.94,-55.677082,7.055284,0.97866797,-85.185448,6.5475798,1.11219,122957.2,-35.754616,-10.231915,0.91877502,54157.906,68324.961,92.071106,1.096969
3,7248591.0,-21.853117,9.0850859,0.97924298,-26.843889,7.0411201,1.0379651,6207253.0,-13.579669,16.362766,0.91362202,30798.797,1.854267,78.820168,7.816186,10.695347,14.097144,0.919622,1.048947,18689.846,51.646431,3.6816249,1.097057,47.103989,11.016568,1.030496,39753.305,-20.991226,15.048035,0.85302198,-61.354393,8.7507248,1.106138,148930.7,8.6234379,9.3408098,0.86854899,40.787579,9.0860844,0.87767798,60282.934,-52.118156,9.0015154,0.98114401,-84.687065,7.9561491,0.86902797,93764.781,-43.042316,-11.479921,0.98162901,31742.248,61650.605,50.374409,1.109675
4,5122954.0,-24.560061,10.852505,1.012542,-22.91803,6.0143781,1.034146,5836150.5,-19.012094,19.282698,1.024626,42311.066,1.587103,79.086754,2.4836709,10.16394,15.86283,0.81000203,0.94613701,25865.156,48.180824,3.9239049,0.92963898,46.021851,9.214592,0.90586901,23084.098,-14.337578,16.916037,1.054686,-58.571316,9.8032293,1.0272501,345257.06,10.98701,8.1330223,1.1507339,41.96096,7.2550182,0.96119797,103273.17,-53.618446,9.0771255,0.91629899,-87.029739,5.540462,1.136602,223515.14,-35.408234,-10.262004,1.143159,51187.195,40300.117,154.9772,0.85708398
5,7485633.0,-22.454391,11.106263,0.9738,-20.195023,5.6753402,0.93533403,6357165.0,-20.513321,19.283073,1.111462,46224.316,1.980195,75.9245,2.7297361,9.3946457,14.580219,0.98627001,0.83784598,34982.59,48.001579,5.0221319,1.121929,45.45208,8.4626379,0.95446402,26247.746,-18.438599,17.836945,0.93866402,-56.903049,9.2489681,1.062423,218240.02,14.759148,9.075161,1.061112,41.510101,8.436554,1.1735539,77411.156,-56.851574,9.7225256,0.84603101,-90.644722,7.0347691,0.89354199,202704.62,-39.58342,-8.4392109,1.197827,60646.801,52627.992,59.158203,1.2498519
6,8314366.5,-24.662785,9.7186565,0.91999,-21.46566,6.1587172,0.97097999,6221087.5,-16.595982,15.895828,0.92704201,43548.535,1.61869,78.40815,3.5154541,10.199957,14.242379,0.93854499,0.89207602,20370.498,48.057842,4.4094219,0.95025897,50.469021,8.488946,1.080874,48111.363,-17.939445,17.569834,0.94708002,-60.212585,9.4835835,0.87839901,277669.72,10.865723,9.5838108,1.067842,40.067471,9.7316236,0.83191597,70013.141,-51.250149,9.8303576,1.16458,-88.600983,5.3563018,1.028963,178548.98,-38.80722,-11.509546,0.81035,32913.945,76059.891,139.82812,1.1999069
7,5677138.5,-23.245569,9.933383,1.02083,-28.608154,7.2789001,1.128023,4688218.0,-18.721216,17.369333,1.144083,38666.797,1.697024,72.675308,3.0038619,9.2282333,16.591137,1.145103,0.92309397,44587.48,51.36795,3.7534139,1.094582,51.351028,9.4210491,1.034409,16147.558,-21.954512,12.07939,1.136004,-53.749443,9.7599936,1.0890599,134189.47,8.1911192,7.7673349,0.83421499,36.776558,7.2877622,1.05179,113031.07,-54.834354,6.78405,0.96785903,-89.052399,6.7471581,1.163869,95846.594,-35.840557,-10.438608,1.03909,59908.52,22989.254,90.322212,1.188669
8,4598227.0,-25.160744,9.1379108,0.81992799,-24.387486,7.029912,1.0889651,5320989.0,-19.355862,19.848883,0.93101603,44613.484,1.517223,72.278816,6.6159801,9.2211246,17.275225,1.05044,0.95146602,65924.18,47.036617,4.8572211,0.82515401,50.794968,8.54002,0.93920302,21102.754,-15.832909,12.543128,0.830194,-57.706299,9.116251,0.88617003,267019.5,11.093229,6.9716539,0.81653202,37.399837,8.9179544,1.0000401,129778.04,-55.413284,9.6614952,0.80497998,-89.345062,6.3171721,0.82012099,100500.27,-44.034611,-9.8825693,1.131775,79158.641,78184.906,42.356529,1.09038
9,2418853.8,-26.751486,10.79911,1.0889651,-20.976063,5.6924462,1.009985,3104941.5,-17.044514,15.912564,0.92315298,60808.5,1.749997,76.362305,4.0909958,9.3053408,18.821133,0.933465,1.103914,20207.102,50.694969,3.7651391,0.93920302,46.094067,10.964863,0.836209,15330.728,-18.006296,16.676067,0.88617003,-56.443722,8.1977787,0.82995898,101159.12,11.499837,8.3234234,1.0000401,38.991093,7.9263768,1.177901,43465.059,-53.611065,7.7600412,0.82012099,-91.095093,5.5996041,1.0117429,216275.53,-38.184792,-8.121006,0.81147498,79099.266,62544.473,74.322601,0.78388202
10,7464891.0,-25.165485,8.2348413,1.178983,-26.236406,5.3776889,1.05488,2288141.5,-21.773046,21.182428,0.803487,31982.254,1.558768,74.463509,4.6610398,9.1702871,13.379065,0.81576699,0.91576701,48918.602,47.207218,4.2321372,1.1979721,48.578747,11.480275,0.832017,39782.738,-23.187176,13.700508,1.15906,-58.398731,9.8282022,0.99782503,117802.98,10.442396,7.8068018,1.090829,41.80048,7.4064322,0.91328299,126273.33,-51.780312,7.2448192,1.011444,-89.615128,7.2840071,0.80843502,70002.125,-40.923569,-11.905615,0.94537199,62512.48,28017.027,80.237389,1.129156
11,5095925.5,-22.617451,9.8633947,0.83523703,-28.528275,6.3555632,0.91344303,5396036.0,-16.957302,17.138514,1.063009,20280.211,2.038723,69.348541,2.4433939,10.138366,15.288454,0.86189198,0.96203703,33207.043,47.444584,4.3000398,1.171775,44.891228,11.587092,0.80856901,37541.246,-22.308996,15.954103,1.0378031,-58.998875,8.2409868,0.82312602,164795.91,6.8122182,8.8852234,1.054811,41.150368,8.2634764,1.0914479,70367.695,-50.668442,8.3775959,0.82602203,-87.60247,7.066565,1.15293,240839.62,-37.059059,-8.4283876,1.106501,39956.75,50785.777,89.624252,1.160947
12,6355861.0,-21.959055,8.9698668,0.86648202,-20.888653,6.805346,1.081385,3479124.5,-14.955234,16.567724,0.98452002,39840.672,1.887825,72.128525,1.335673,8.3938475,18.4326,1.022611,0.94616002,29386.881,44.250557,4.8967428,1.145893,45.415157,10.34065,0.99174201,30965.66,-20.192417,12.491397,0.92554599,-59.409897,7.492137,0.92929,339611.59,12.801354,8.5195923,0.82612199,32.240608,7.955452,0.95810801,85262.734,-48.561474,8.5292101,0.82424498,-87.098221,7.9408188,0.81840599,75741.461,-36.025585,-10.958213,1.108389,63731.18,43035.949,95.914963,1.061192
13,4457905.0,-24.573212,8.1069422,0.83458197,-27.363091,5.3886089,0.976318,6198502.5,-15.70887,17.329781,0.84081501,49853.785,2.0181849,76.492538,3.9061739,9.5885277,15.999677,0.97811502,0.84535199,52753.488,45.108963,3.707319,1.147819,49.544319,11.401312,1.096386,44803.98,-23.005295,12.764499,0.862629,-57.723816,7.6457028,0.86089897,115492.12,13.056381,9.765542,1.002749,34.037998,9.1710796,0.85019898,135946.47,-54.078766,9.1858368,1.130845,-88.198402,6.9016738,0.94875699,140510.36,-36.890759,-9.3809433,1.049659,48268.91,68723.664,121.9461,1.232982
14,4824723.5,-24.089071,10.980152,0.83007902,-25.52632,6.2106671,1.107916,6164028.5,-12.957201,19.55566,1.072588,28467.176,1.54934,75.54686,-0.0077340002,10.752233,15.304618,1.1344171,1.06432,46306.352,46.307125,4.7657661,1.056752,53.443039,11.378603,1.0994281,43250.906,-19.308813,13.533217,0.915259,-60.544449,9.4716101,0.92075503,103224.1,15.658978,7.0918622,1.0177751,34.582436,9.1988335,1.024819,131895.11,-48.911617,6.9940429,0.909091,-88.182327,7.7778459,1.015215,115137.91,-38.687874,-8.7880268,1.051445,100848.65,65127.457,101.57115,1.187098
15,4057700.5,-22.182018,10.760988,1.159844,-22.04661,6.5175519,0.97491199,6134799.0,-13.712198,18.411966,0.948502,33254.52,1.718435,74.013336,1.688529,11.59992,14.659649,0.88235599,1.175041,26162.596,47.436295,4.3635702,1.096251,44.712471,11.039563,1.124396,40660.906,-14.189003,13.830185,1.017261,-53.527065,9.2463264,1.074616,296618.19,6.5350728,8.8324451,0.91181302,37.186226,8.7226181,1.066238,149101.48,-49.371983,8.4704628,0.965918,-83.692101,5.6150289,1.113204,134991.81,-37.347382,-10.021312,1.02621,58486.348,46288.062,103.22736,1.152421
16,5128173.0,-23.544598,9.8750668,1.040665,-26.20414,6.8274331,1.026744,2465738.0,-20.113487,16.915049,0.97734302,26172.328,1.596226,72.76693,2.6357789,11.112003,17.502789,0.90348297,1.1263289,35461.059,46.202934,4.7634749,0.96934301,50.829124,8.0593901,0.93010098,47554.867,-18.590006,17.123383,1.116443,-54.483215,6.7982702,1.0342129,93008.133,10.583336,8.7740831,1.058589,40.504074,8.2860928,0.947779,62488.242,-48.99279,7.0120521,0.81216103,-88.231262,6.2054238,0.97682297,133845.66,-36.007206,-9.5921659,0.93707299,46087.086,68078.062,83.395149,1.2069629
17,6482974.0,-23.440516,9.4122009,1.0930361,-26.375582,5.7985659,1.043828,6148761.0,-18.570883,21.004406,1.083506,66321.633,2.060271,77.658058,4.619122,8.3142719,16.927555,1.01881,1.0739551,50026.059,46.98777,5.1736369,1.081918,44.114819,10.290211,0.931113,29163.166,-14.430201,12.440902,1.157726,-54.05579,8.2470722,0.85316902,342850.97,14.657576,9.4026155,0.93906802,35.129482,8.9681129,0.89208901,141830.08,-47.497776,9.4618378,0.997877,-89.256241,5.4386568,1.1556751,86338.141,-41.810001,-11.775683,1.000825,69319.016,53429.387,95.42791,1.10052
18,5816985.5,-22.83646,10.592837,0.945678,-22.899118,7.1093411,1.170058,3234854.0,-21.346325,19.939575,1.078789,38209.824,2.0781269,76.637169,-0.57858503,9.8458652,17.440577,1.199469,0.83649403,31672.584,47.298103,4.8062949,1.015249,45.088326,8.3315907,0.862284,37245.43,-14.648517,15.861341,1.025456,-59.873936,8.9787817,0.871831,127038.23,6.972683,8.0255671,0.81857097,35.253231,8.1949492,0.91669399,79011.875,-52.683075,7.4465952,1.058275,-84.437202,6.3163981,1.125172,110594.54,-37.113213,-11.548734,0.84530199,70339.102,51889.867,137.8558,1.028623
19,5998135.5,-23.75555,9.5814734,1.069522,-20.071886,5.0662041,1.075636,3160714.5,-14.231347,16.864597,1.187838,52858.766,1.5570019,74.510788,3.1583979,10.142505,18.352137,1.131723,1.00793,22898.832,48.181713,4.6019459,0.87540799,52.474724,11.619569,1.190375,27468.748,-20.826101,15.785041,1.13692,-58.794891,7.907701,0.85074902,159005.56,11.381714,7.3566108,1.007005,35.982224,10.050066,1.063911,96213.117,-52.194397,9.4656267,1.070488,-90.373894,6.2339468,1.0576169,131254.61,-36.438587,-8.1059399,1.144191,64849.273,37676.863,141.89896,0.86625898
20,6951623.0,-21.882229,8.9768896,0.80091101,-20.724051,6.4379559,1.021786,4431004.0,-16.996132,17.0263,1.14973,54027.988,1.637828,77.822517,3.463635,7.8421712,15.184926,1.086357,1.156778,39842.199,49.526352,4.2550502,1.0606821,49.552719,10.189336,0.85759699,47876.586,-19.088537,17.736176,1.003785,-53.652943,6.8467078,0.80976999,116483.15,9.3580399,7.1813922,0.89344603,41.873272,7.6570778,0.87048101,135874.44,-47.721199,9.1729307,1.078229,-85.391693,6.3043499,1.004236,96687.359,-40.525932,-11.753107,0.84236902,86032.07,69069.0,140.64644,0.97006702
21,5320330.0,-23.725315,8.3638582,0.93308198,-23.133387,6.575233,1.192528,5453797.0,-16.137844,17.311436,0.96126598,58341.832,1.5366091,72.905602,6.9157848,10.399334,18.252113,0.97150397,1.068373,57933.785,47.470444,5.157589,0.82644999,48.040787,8.9655361,0.82573301,17301.619,-20.481308,12.489338,1.000962,-57.773361,9.8155642,1.106745,104098.74,7.1785979,9.9399576,1.094218,34.917091,8.7519627,0.81933498,120314.25,-49.582813,7.845767,1.195774,-87.3815,6.7228732,1.177408,95421.242,-38.666283,-10.546066,0.94472498,62801.449,28239.086,148.73357,0.75801998
22,2847551.5,-22.814648,11.228617,1.0863169,-23.518185,5.2578859,1.065966,1850221.4,-19.047604,21.517345,0.88116699,38104.699,1.775169,70.156097,-0.49480399,9.6909962,18.74045,1.093206,0.85979402,48301.301,44.376785,4.1991358,1.070399,44.42757,8.4909163,1.173875,25710.381,-23.047684,12.011246,0.91639102,-57.834251,8.8934689,1.0210429,142220.45,9.3500538,7.1311579,0.90815401,32.612415,8.036561,0.96027899,86948.953,-47.669415,8.9030495,0.93357903,-87.213737,5.5517859,0.99480498,189871.25,-35.48888,-8.7190685,0.81524301,69114.008,43710.902,70.744675,0.817967
23,7404166.5,-23.120268,10.550883,0.87886298,-27.478607,5.9442568,0.924375,5163882.5,-18.784176,18.394953,0.94913203,26607.182,1.518434,69.627518,1.856066,9.3316164,13.664163,0.981525,0.87805903,39126.211,49.512672,4.4772072,0.97529602,45.938381,10.126478,0.98194999,32352.412,-16.788877,13.584062,0.82336402,-59.515587,7.5044141,1.093604,115125.73,13.07865,8.639307,1.104001,36.888554,8.3330278,1.118476,83131.859,-47.472897,7.2165718,1.178836,-87.818069,6.2173381,0.80617398,132518.8,-36.706253,-10.915952,1.102278,97127.688,31593.496,153.41492,1.16689
24,3468563.2,-25.77107,9.2135372,1.011759,-22.262877,5.5314298,0.82336402,3207363.2,-19.775688,21.493458,0.83722299,51591.117,1.899856,76.800026,2.718555,9.0552244,17.78377,0.931207,1.198324,27177.436,53.170898,4.46106,0.93112999,43.954346,9.4975004,1.13175,22662.953,-15.743051,17.471359,0.87729001,-53.220947,9.2947998,1.018312,255901.31,13.251843,7.8072629,0.87466699,36.55238,10.152253,0.93613499,99131.031,-49.863148,9.2885666,0.857104,-84.361267,6.3309689,0.87581801,93816.414,-38.339848,-11.23764,1.112077,59001.715,37777.434,114.41972,1.085176
25,3634183.8,-27.694935,9.5868692,0.83486301,-20.977728,5.0384169,0.902022,5987824.5,-14.25862,23.392206,0.83218801,25910.926,2.1912589,69.727592,1.371042,9.4507647,15.211295,0.92349303,1.1496969,52091.719,49.157059,4.13517,0.81391197,53.386993,11.432435,0.944884,20849.867,-18.228792,13.412833,0.87137002,-57.717098,8.3291788,1.190047,241688.39,8.0279598,8.2393789,1.0967669,34.240795,9.8756819,0.909455,121902.96,-57.001019,6.812429,0.98947901,-90.642166,6.4377179,0.87162203,166554.44,-38.296753,-10.210459,1.108862,55692.25,32681.521,72.274796,1.105469
26,3732355.0,-21.979174,10.657616,1.190146,-27.969294,5.3611922,1.1950051,1758519.4,-19.113958,18.990412,0.95668501,31745.326,2.111969,76.080727,3.2870581,9.1913548,12.941201,1.18348,1.145535,35472.691,45.926632,4.4125328,0.894189,45.584251,10.092934,1.015754,49066.863,-17.681911,13.156776,0.980878,-55.580814,7.294981,1.097298,163882.39,12.464595,6.8644738,0.83055103,36.736984,8.1082211,0.96413398,64407.156,-51.809792,8.7611208,0.97895402,-85.443443,6.3584838,0.884543,114898.39,-37.890614,-9.1087751,0.92353398,99819.953,69614.102,82.861115,1.040795
27,2943548.8,-26.103683,8.0353107,0.96846199,-27.380236,5.6837888,0.81725502,5119946.5,-18.037689,19.508215,1.159166,20494.6,2.0260611,71.610451,7.7872448,8.3546343,12.79533,0.94231403,1.154057,60739.531,45.729794,3.845669,0.87701398,51.66901,10.731682,0.81405002,26122.414,-16.553444,12.85196,0.948645,-59.515923,7.5808868,0.96178597,184626.33,9.2879667,7.2117128,0.82045501,37.765987,10.364111,1.11798,52189.07,-53.472698,9.826395,1.035396,-85.420242,6.9050369,0.83676898,102128.0,-43.45055,-8.9091864,1.164165,28332.053,64978.418,154.98953,0.876912
28,6521808.0,-23.466949,8.8826971,1.03745,-21.531225,5.3608818,0.82701099,6206605.0,-18.282232,20.703924,0.96188998,22388.545,2.0826809,71.479652,6.0789518,8.9769926,16.668114,0.97935402,0.86868203,43611.871,51.707115,5.2294378,0.802517,44.517159,11.943667,0.98812699,46172.703,-14.206333,12.665357,0.92234802,-56.842991,9.669631,1.039915,240463.64,13.133372,9.0464964,1.186923,41.471287,9.6666832,0.82554102,68237.234,-52.123535,8.3950567,0.80603302,-88.697746,7.4951448,1.1548671,68382.141,-44.870041,-8.1476374,1.058605,69274.852,38278.383,94.763321,1.14606
29,3601768.0,-24.465384,8.4624615,1.0126359,-23.385944,6.3827128,1.08883,3718574.8,-12.716906,19.299612,1.172075,52911.891,2.040355,74.569336,7.7498379,9.9045029,17.218925,1.1277879,0.86860901,42819.285,47.06266,4.3046031,1.135401,45.981632,10.151295,1.111161,27370.15,-22.070499,14.511372,0.86783701,-57.693188,7.146656,1.133997,314707.91,10.548612,7.926074,0.83232301,36.425529,9.4228382,1.065841,121693.08,-54.466019,7.3065901,1.010038,-85.486801,6.9335499,0.85721397,77681.125,-39.770588,-8.1391716,0.82576102,69714.109,48799.934,135.53334,1.191811
30,3630482.2,-29.5811,8.7348661,0.83223099,-21.382021,5.779778,1.0832371,4925212.0,-18.761093,22.864868,0.86716002,32609.408,1.558432,74.130737,-1.215378,8.2776842,14.685698,1.124711,1.070863,26176.301,48.372959,3.581907,1.090968,44.892872,10.291672,1.035704,41720.938,-22.409557,17.17437,0.97880602,-54.998615,6.8945532,1.102458,294923.62,12.023873,6.9167218,1.07347,36.141277,7.536799,1.058266,141772.02,-50.432156,8.2494965,1.187235,-85.794899,7.8541889,0.86786997,206704.39,-38.491795,-9.9613791,0.85283798,36096.008,73563.352,95.144356,1.207395
31,4657802.0,-23.610809,9.6019182,1.190207,-24.853243,6.1674118,1.022047,2331382.8,-18.707003,18.354918,1.0394289,43764.887,2.182786,71.971565,2.6612439,11.46465,18.156485,0.97092003,0.87825102,28986.316,45.920162,4.4844799,1.103388,44.031185,11.135746,1.189098,34766.273,-14.682048,14.05099,0.96681398,-56.60202,8.7251205,0.96178198,329335.19,7.7434182,9.4609089,0.97868401,41.489037,8.3733997,1.184678,98942.039,-54.618145,9.0553265,0.94683498,-86.745285,7.219913,1.111861,77125.625,-44.281357,-9.0013218,1.1349649,48368.781,60657.695,130.93797,1.102289
32,4859164.5,-24.518877,8.9714603,1.1872441,-26.3267,6.6795869,1.131616,4581639.0,-14.100768,17.036694,0.97461599,33019.16,2.1110179,73.018974,6.5664458,9.4544001,17.625475,1.137134,1.152421,43577.043,50.512886,5.0391221,1.1341439,50.913967,11.73325,0.96322,32981.523,-20.633675,13.800624,0.965505,-59.876678,9.8303452,1.0378391,246229.09,8.3931351,7.6393661,1.01509,34.70359,8.0674772,0.94273603,100062.41,-49.320557,9.1079168,1.190982,-90.158554,7.386198,1.133479,103226.45,-35.431042,-10.146124,1.0617189,66383.242,33003.863,59.292702,1.158818
33,4767321.0,-23.42499,10.669619,1.152421,-23.562815,6.5509238,1.145255,5593269.5,-15.541033,23.107615,0.96322,43854.875,1.686643,72.201042,1.967629,9.0458441,19.061277,1.0378391,1.031451,28694.986,46.436211,4.4663978,0.908144,46.209656,9.4085026,0.98508298,42914.156,-15.539747,17.864737,0.92025799,-55.345451,9.2945261,0.888659,348361.94,10.734689,8.918438,1.007094,34.167313,7.8243909,1.127055,56780.719,-50.528343,7.5354872,1.070171,-89.941994,5.9789972,1.080284,123203.62,-38.041893,-8.5756865,1.090266,71232.516,74241.453,153.03137,1.121833
34,3999266.0,-24.383722,8.7159653,0.89543498,-21.766897,5.6903391,1.078324,5694784.0,-15.398358,20.281105,1.16161,65705.984,2.020566,76.896645,3.9448209,7.9347072,18.521927,0.85358202,1.1758339,26977.004,50.567001,3.6587169,1.19124,45.453861,9.3026056,1.0728641,13900.813,-16.007011,17.477432,1.1340539,-62.020638,7.0049911,1.18515,111292.74,14.990044,9.5143576,1.061649,41.352539,9.9672632,1.053587,59060.957,-48.890636,8.8506756,1.138206,-83.498589,5.6818271,0.83148599,107155.7,-35.164471,-8.5866413,0.97744399,74216.227,34901.207,42.416485,0.89740503
35,8344358.5,-22.067163,9.1364708,0.96232402,-19.148659,5.0436521,1.11458,5233859.5,-20.590115,16.127562,0.90329701,35991.887,2.021883,73.184731,0.45198801,10.999908,17.542006,1.060593,0.86627197,53788.375,47.063801,4.0407581,0.91288698,48.467934,9.20156,1.146193,49295.293,-21.485174,12.047324,0.908894,-60.313198,8.3031473,1.139414,112493.5,13.096098,9.1923561,1.035354,40.490505,8.7222605,0.836124,149604.23,-50.759995,9.6745129,0.97300398,-88.588585,6.0241508,0.89934802,184289.53,-36.053581,-9.7680225,0.99521703,45856.145,32008.453,104.77495,1.013165
36,3895198.5,-22.649693,9.4454937,1.155102,-19.909847,5.918705,1.0780849,4593405.5,-19.104118,16.80451,1.077612,43277.719,1.679273,76.474564,-2.0279369,10.195814,15.497778,0.96672398,0.939448,62674.02,47.394653,4.2564168,0.80788702,47.070862,8.0410299,0.83819097,31378.699,-21.60187,13.232322,1.1103981,-56.88047,7.5529671,1.170042,210121.58,8.5576601,7.2450871,1.122259,36.390106,9.1750803,0.81822699,115576.61,-54.46875,8.2008009,1.060204,-83.362831,8.0069056,1.1839761,112492.49,-37.285904,-10.932674,1.135448,101930.16,64960.301,55.353207,0.93683702
37,6580280.5,-22.191599,8.5759525,1.170567,-27.376333,6.0474272,1.19613,2144588.5,-14.505613,16.719585,1.040405,50680.043,1.763033,77.426613,1.361998,11.233023,18.113087,0.89212298,1.177279,41218.945,46.187607,5.2679801,0.90634698,45.384396,10.019732,1.1319751,45981.215,-22.624254,13.724899,1.181483,-55.165096,8.4282217,0.93164003,260725.78,13.838538,6.9462752,0.95996898,37.550495,7.9589248,1.077575,133120.86,-52.244133,8.8516722,0.95963198,-92.148262,5.9096112,0.89305198,81474.719,-39.692616,-8.8529377,1.154443,87670.172,52973.66,65.302017,0.831833
38,6180244.5,-21.522781,8.7907658,1.0909261,-28.578089,5.4992342,1.000147,3487845.2,-14.263791,21.521826,0.81655502,44401.855,2.0344241,78.118256,-1.741968,7.9537282,17.279888,0.84945101,0.875525,34339.379,46.041794,4.1793032,1.185253,46.161449,8.2037573,1.171508,21908.527,-17.050701,17.810959,0.99727201,-60.666782,8.1874495,0.99999702,240082.66,9.7688599,9.5383434,1.1527129,33.695038,8.6885281,1.0998,128539.09,-48.379341,8.2705717,0.86255801,-87.232475,5.5250511,0.965339,67847.195,-42.449577,-10.040401,1.07342,63665.844,78833.289,141.57043,0.95329499
39,8113234.5,-22.310717,7.7273922,0.91580302,-28.419678,6.0978179,1.10218,4301166.0,-15.477013,19.965006,0.856332,65393.75,1.710507,76.491661,4.3439999,9.1982908,18.726355,1.1264729,1.105512,29547.518,49.245667,3.568845,1.133292,46.763893,10.043086,1.149668,44924.836,-16.832642,17.098434,0.957223,-55.586933,9.8373604,1.093641,261112.86,15.9222,9.4721251,1.043855,39.009842,7.5521359,1.0518661,79325.492,-52.020763,7.1324129,1.175174,-86.706673,6.5008078,1.181698,78749.031,-43.92754,-10.135358,1.198644,31669.73,75736.672,140.65323,1.055303
40,7802167.0,-24.002335,7.7320762,1.153475,-28.329899,5.3088722,0.97542399,3179654.8,-15.007546,17.709526,0.94746798,44683.391,1.683022,69.609764,6.3678031,11.435275,18.133808,0.88849699,1.069761,41259.52,48.817455,4.889235,0.92038,49.039509,11.08376,1.045872,44966.297,-20.204687,16.00452,0.81563401,-55.320953,8.718648,1.18349,104686.43,11.730159,9.8551311,0.86718899,35.886215,10.274483,0.89016199,160372.56,-52.602093,9.1462278,0.83280802,-90.429634,7.2170172,0.85145301,97676.883,-40.538803,-10.04576,0.89502603,60459.145,74289.172,46.576969,1.214856
41,3886952.8,-23.680376,10.628437,1.053575,-27.551012,6.3500919,1.130561,2363832.2,-18.149323,16.412399,1.119583,45497.715,1.595693,77.287209,1.842757,10.221354,16.830223,0.91897798,1.177487,35620.531,47.791012,4.7292929,0.97079998,46.77248,11.286703,1.09917,12791.846,-15.085891,17.926311,1.133194,-58.665043,8.3971653,0.91799903,198334.53,12.992009,8.2854977,0.97597301,34.174721,8.2249136,1.039207,56792.125,-52.470589,7.8472638,1.02213,-91.264511,6.6195421,0.86803299,162662.59,-40.89925,-11.415332,1.1550421,61163.051,74844.461,64.629791,1.232404
42,7180908.5,-23.812216,11.176318,1.06487,-26.532537,7.2715769,0.97955298,4944485.5,-19.061104,23.52924,0.99214798,31164.5,1.9638489,72.350838,0.98846,10.061814,17.829353,1.14191,1.053848,31935.658,48.483093,3.5613501,0.81749302,50.364468,8.3983574,0.87068599,23683.859,-15.865418,17.259207,0.90594202,-57.470325,7.7957411,1.1747659,258131.45,7.0322571,8.1484537,1.1270061,34.907585,8.7655382,1.016524,87627.969,-51.302376,8.197113,0.82705897,-92.764587,6.0971341,0.89751297,207026.52,-37.033745,-10.019718,1.130419,54554.648,59847.102,109.29352,1.1170909
43,5284369.5,-27.400749,8.151618,1.177714,-20.935783,5.7218409,1.009135,4218216.0,-20.146246,20.963879,1.018319,25032.223,1.9408489,75.365105,-1.862506,9.2841787,14.238567,0.95989102,1.197227,47668.82,48.29248,4.6558628,1.198802,44.732697,9.4532213,0.88169497,49721.93,-13.466343,14.304497,0.96719903,-54.317112,8.1285801,1.105597,160538.53,15.933432,9.9435158,1.095204,37.173168,9.6540298,1.06664,162787.06,-52.663731,7.3768668,1.0631911,-84.345718,6.007503,1.122689,161492.28,-35.349503,-8.2501516,1.075168,98321.289,56189.652,154.2244,1.226831
44,2744591.2,-23.803192,10.923773,0.91855901,-23.29701,6.5789161,1.18094,2834359.8,-13.44728,17.064882,0.94239098,18016.273,1.905942,70.481285,1.373208,10.771652,13.654418,1.08611,0.92951101,43020.184,46.268147,4.85888,0.98469901,50.719944,10.521998,0.83579201,35356.258,-17.891796,15.319528,1.060636,-61.078537,7.0668969,0.89019102,177301.25,7.368691,6.9326191,0.83685398,41.458916,8.5464134,0.97699302,54810.641,-53.414261,7.7980709,1.08385,-90.26445,5.6753502,0.96589297,111170.77,-44.086086,-11.077868,1.01123,46978.129,78753.688,50.22411,1.2115149
45,3194908.5,-27.578234,7.6546998,1.031967,-27.492712,5.7520771,1.101396,2219913.2,-15.50226,18.266151,1.0040801,29097.545,2.0325091,73.817482,4.7499452,10.311136,13.289092,1.0438,1.016328,45215.988,50.215897,3.8581779,0.861817,46.054775,9.274765,0.850748,14872.979,-22.378645,17.67535,0.94960099,-58.575188,6.8968892,0.96066999,191734.42,13.196259,7.6945848,0.84996003,36.14732,8.1516924,0.83655602,70878.0,-52.150253,7.4442449,1.191691,-92.205673,7.8070641,0.96752203,211668.72,-40.424789,-10.361938,1.139117,43739.836,38944.195,79.953995,1.057759
46,8133852.5,-22.311653,7.839273,1.175366,-28.70606,5.5261011,0.80341202,3801774.0,-15.175585,17.639801,0.85211998,33172.152,2.098206,72.155754,6.8747568,8.8882132,16.980219,1.0695519,0.932329,55604.645,46.093857,5.0002799,0.96105802,49.21249,11.486216,1.115411,45842.355,-18.567051,14.236182,0.88078701,-58.901054,8.5370426,0.98707598,185282.14,11.107504,9.8275127,1.07144,35.952557,10.481655,1.122202,131924.39,-51.562119,9.6462793,1.0767159,-89.993591,7.9511948,1.181689,89298.695,-39.499546,-10.753092,1.0856349,63262.496,36158.461,48.737312,0.98786801
47,2644362.8,-25.315895,9.7525187,0.89399302,-20.862537,6.5981522,1.198131,1847085.9,-17.290777,21.078123,0.92346799,44448.551,2.1315501,78.62738,-2.091305,8.0912113,17.203978,0.967035,1.154421,21483.119,47.458565,3.573303,0.81230903,46.235771,8.1986046,1.015761,36360.625,-15.355366,14.825693,1.173925,-58.074425,8.1699324,1.009622,356571.75,9.8403692,8.0035257,1.119989,39.201569,9.6817303,1.167236,65007.758,-54.410839,7.3922572,1.153872,-85.923698,5.4340582,1.149727,144805.38,-35.131664,-9.9075022,1.0519741,52166.812,53925.773,72.987343,0.98733097
48,4020329.2,-26.023647,9.0540152,0.87567198,-27.566769,6.560348,1.021754,3000381.0,-20.236479,22.457315,1.084448,51475.184,2.1591971,75.475632,-0.542386,10.267775,18.156654,1.116986,0.95576298,42132.488,46.36021,4.1150851,1.1614439,48.449657,9.7981472,1.065522,48470.582,-15.71584,17.349985,0.86765701,-58.341202,7.4382472,1.142662,165090.8,10.783993,7.1408181,1.052598,34.410313,9.8044367,0.886271,47350.488,-56.110695,9.4380016,1.0324579,-92.716141,6.2445989,1.197433,121402.49,-39.236893,-8.2212219,1.163131,31500.902,39200.266,132.20201,1.207056
49,6778516.5,-25.217754,7.9056249,0.93122298,-24.181543,5.3846478,0.90216202,5488286.0,-18.860886,18.170013,1.00009,33961.453,2.1299541,73.63961,2.431644,9.1273336,13.027004,0.87957001,0.86078298,51215.883,44.945343,4.265389,1.177515,45.189129,9.8102798,1.1517889,39395.406,-19.531542,14.754518,1.0493701,-62.129051,9.432725,0.83239698,125494.94,12.189905,7.5450721,1.169288,39.065876,10.160354,0.81693703,112940.59,-50.993359,9.5074749,1.001048,-85.152351,7.0861468,0.88880002,105666.88,-36.994938,-9.3806734,0.92526197,58621.098,33063.789,78.907745,1.035916
50,6838534.0,-21.158978,9.9682798,0.91083503,-27.421022,7.155448,0.862876,2278993.8,-17.947485,22.154701,0.81153798,48784.875,2.044894,73.138298,-0.785505,8.1471844,18.183086,0.96905798,0.812886,24520.777,45.826,3.803236,0.95868599,49.628944,10.782171,1.124589,42035.348,-16.261211,13.341537,1.024892,-53.412971,9.4367361,1.05519,290644.44,12.298961,8.8950968,1.170253,39.409866,8.0873117,1.126493,120665.62,-52.642582,7.910872,1.053684,-87.540138,5.6935668,0.93151098,91084.453,-37.051731,-9.1606789,1.121925,43782.781,56381.18,146.70834,1.133042
51,2827112.2,-27.157179,9.900712,1.02904,-21.043282,6.6961589,1.135139,4481619.0,-13.33537,19.815731,1.17975,30049.221,1.768348,72.837273,0.032683,10.788021,16.848246,1.137785,0.81415498,39557.531,49.272289,4.5515599,0.84726399,51.503544,8.2515316,0.89521098,26840.85,-15.981862,13.485965,0.93478203,-57.741665,6.5732012,0.88659298,227586.84,10.070845,6.944715,1.151415,32.896709,8.3868418,1.1589479,154527.5,-56.410778,8.2371159,0.92519498,-89.247505,6.0144472,0.91874498,132152.7,-37.300365,-8.5949945,1.043484,103500.3,65806.875,71.957802,1.227934
52,4248191.5,-21.737583,9.5885582,0.90143597,-24.284349,5.2163,0.95930499,3786226.5,-15.379005,19.884892,1.058028,45439.984,1.57195,70.48571,-1.03804,11.298173,18.221226,1.003414,1.083357,42377.566,49.192894,5.1062799,1.1448489,46.386826,11.735381,1.194295,19191.016,-20.626144,15.252192,0.90179998,-62.481583,8.95473,1.056098,292726.56,12.052527,7.245316,1.1926399,34.927525,9.0834284,0.94022101,95897.414,-52.685814,7.1473241,0.90708798,-89.453621,7.0086551,1.008072,83775.5,-40.922764,-11.357078,1.131381,52602.207,36592.121,77.678474,1.0360399
53,2849264.5,-27.060762,8.1095667,1.131381,-25.363461,5.5620308,0.93223399,4303193.5,-18.753901,20.70104,0.94000697,19052.254,2.0506091,71.751747,5.4960232,11.658402,15.701482,0.934484,1.026839,51475.246,45.217941,4.8478451,0.95485401,47.063866,8.6057014,0.82214898,39895.684,-21.011286,14.823386,0.88942599,-61.318527,7.0290041,1.038951,296552.91,12.155685,8.7206411,0.96471798,41.160061,8.5145693,0.82138401,86561.109,-47.640812,8.8239479,0.84827101,-85.428963,7.104836,1.180674,143054.36,-35.825611,-11.158902,0.96377301,39710.609,77845.461,62.631641,0.91621798
54,4871482.5,-24.174768,9.976573,1.04171,-25.164139,6.095015,1.153069,3331431.0,-18.410164,21.476713,0.83275098,38917.578,2.0934219,70.988625,6.0981512,8.2987061,17.726015,1.193966,0.81522399,27929.035,48.220478,4.369586,1.086028,46.13776,10.144818,1.117129,41764.766,-19.898516,13.948553,1.015865,-61.901192,9.4620743,0.821329,297421.41,12.103531,8.2772932,0.96776998,34.299328,10.077367,1.030483,152182.89,-54.864326,7.2728181,0.95325202,-92.585014,5.5019078,0.87687999,138813.72,-37.43417,-11.368783,0.92828202,48357.785,72284.531,125.83908,0.93231398
55,4610721.5,-24.02367,8.6809902,0.98169798,-26.092646,5.3258448,1.036489,4531170.0,-15.843722,16.731291,1.191765,22784.039,2.168083,72.673737,-1.883092,11.15106,17.029133,1.083343,0.807266,53763.176,44.245693,4.6710811,1.101671,46.184284,11.045223,0.82742101,14891.796,-21.825314,16.918564,1.185133,-54.880764,8.3639927,0.93177098,155905.31,12.487422,7.5607228,1.040441,38.567223,10.550816,0.865062,99403.953,-55.781918,6.995409,1.094481,-93.116676,7.2108731,1.153773,127771.99,-42.339367,-9.4010324,1.102071,36816.926,34462.836,66.847305,1.203476
56,3974454.0,-23.75886,9.3659992,1.146446,-28.5867,6.2871399,1.1097471,4944599.0,-17.538231,19.902081,0.83768898,39309.969,1.928454,72.606133,-0.417822,10.701305,18.127417,0.83794999,0.810947,46261.008,45.998177,4.1562848,0.93669999,45.507835,11.463029,1.185061,22214.322,-14.407837,13.250773,1.032864,-61.33902,7.474791,0.85948598,359320.97,9.5645695,7.8228278,1.1616811,35.599133,8.0877876,0.89006299,118787.09,-50.946362,8.3445158,0.89883602,-87.530418,7.955956,0.80904901,80762.828,-38.823341,-8.5925245,0.80761302,27269.396,27387.176,51.481853,1.093703
57,6362427.0,-25.179922,8.4100933,0.94641799,-22.878984,5.791327,1.17479,6355339.5,-13.862928,16.836491,0.95621097,32247.951,1.531425,77.750916,-0.78813601,10.824495,14.469465,1.069543,1.128733,46326.184,44.636284,3.9752669,0.85917699,51.472843,11.32651,1.149158,37165.738,-19.779976,17.867796,0.88010198,-58.105324,9.2163439,0.99821198,130217.49,8.7830849,8.9450188,0.816908,40.544571,7.4011569,1.168933,146331.45,-53.330322,8.9855442,0.84564102,-90.571434,6.7804399,0.81604701,135691.3,-37.780258,-10.297982,1.094317,53151.781,54589.945,75.998642,0.79698497
58,6896523.0,-22.837263,8.0442848,0.848324,-27.432404,6.38486,1.010307,4605102.0,-16.012196,17.175751,1.062225,19659.783,1.999157,69.581406,-0.77001703,9.7028637,14.423394,0.81734002,1.066488,40793.152,49.586536,4.1930599,1.153327,46.875969,11.827849,0.904266,27206.664,-17.083096,14.626081,0.98100603,-61.801945,9.0025892,1.07707,340085.34,6.3869429,7.0962338,0.92691702,35.923073,10.668,0.91993701,44503.453,-49.076912,8.7130394,0.81113899,-91.526031,6.049531,0.901057,92716.477,-42.625278,-11.218758,1.157868,34750.625,37782.141,59.701847,1.231464
59,7042074.0,-21.541067,10.007424,1.02982,-23.467798,5.1203799,1.049511,5734573.0,-17.685972,21.804276,0.89424902,46325.348,1.797956,78.258286,1.106124,11.597454,17.724091,0.88950002,1.06578,60178.414,45.861626,3.854574,0.82776999,52.02293,11.203896,1.074414,18867.258,-14.924172,17.634197,1.0961339,-56.837318,6.8329229,0.92236,124738.6,9.3607998,8.8468542,0.87861001,39.190918,9.5781336,1.005022,98410.578,-49.751057,8.9427366,0.940211,-83.835777,7.6913409,1.128759,143489.84,-37.580826,-11.023046,1.162711,55777.133,70371.234,138.49477,0.92585897
60,6327794.0,-26.012451,9.1936169,1.107198,-21.517202,5.7428098,1.173169,5810544.5,-14.436031,19.16567,1.0967669,28456.17,2.134743,73.017578,6.2252049,11.150697,14.956926,0.97443599,1.033898,50816.344,48.272854,4.2111092,1.0104001,50.98576,9.8008671,1.003142,32328.783,-20.393822,15.148226,1.186447,-59.802391,6.9076862,0.857072,224158.73,10.992746,9.2108402,1.018665,33.245358,7.323482,0.96742702,42828.883,-50.319771,7.2480192,0.91706002,-90.529099,7.1420989,0.92652398,171746.8,-40.179459,-8.079073,0.96386302,72761.25,30372.695,137.35551,0.83585602
61,5484112.5,-28.231821,9.4756193,1.186447,-25.576391,5.1453829,0.857072,3934732.5,-17.762255,21.550976,1.018665,22351.326,1.5240099,73.385674,-2.096103,10.605912,14.050144,0.91706002,0.90543598,51377.172,46.863091,4.5584641,0.99282199,53.602318,9.6193552,1.039801,18982.934,-14.893546,13.030268,1.011938,-55.068279,9.4575939,0.93837601,133400.41,15.936166,7.8203878,0.820373,37.085934,10.600103,0.84002501,99526.016,-51.695717,9.7470636,1.015601,-90.028687,5.5688858,1.029726,169596.19,-40.760914,-9.3252621,0.95816803,66995.008,55501.906,149.64229,1.0142159
62,6852067.5,-23.303183,9.5309658,1.081996,-28.403862,5.868351,1.047726,4053145.0,-20.924688,19.939678,0.98539197,29298.719,2.1803,75.320076,-0.41927099,9.1723404,16.88228,0.913302,1.145985,48479.359,46.459595,4.1448259,1.155055,50.655807,11.521249,0.96273398,32660.701,-13.544974,15.005486,1.086485,-62.692295,9.651516,0.99948502,102501.6,10.965384,9.2643747,1.0258189,41.516781,9.450098,1.182052,144822.39,-52.680443,7.3993812,0.90551698,-92.588707,7.1259022,0.85040998,134885.23,-36.007477,-11.318906,1.0030071,56716.113,75608.93,105.0296,0.97349602
63,6595349.5,-27.609797,8.353466,0.92795497,-23.792414,6.0252552,1.040903,4610110.5,-17.524994,17.977957,1.019289,48581.68,2.024931,74.909866,7.1675138,11.290851,18.941599,0.82126898,0.83765101,31741.104,51.519123,4.3748622,0.99298698,44.855068,11.343579,0.93534797,14813.643,-14.930756,16.825109,1.127739,-62.437077,8.8355703,1.141691,207527.7,13.397134,7.2976551,1.015829,40.396221,8.2875462,1.054242,166245.34,-49.053734,8.4782743,0.82728702,-88.197937,6.5969291,0.80441803,200953.78,-36.605938,-10.532433,0.802549,83360.922,58134.484,143.22862,1.180873
64,2849378.8,-24.70112,10.179495,0.841492,-22.020437,5.5733161,1.065722,2030453.8,-12.899412,18.524347,1.057796,56161.883,1.690545,77.859764,3.1985691,10.566845,17.011919,1.131328,0.89343703,25189.938,45.851181,4.372179,0.82748997,50.469425,11.848615,0.84334499,27795.041,-22.301737,17.700035,1.1153049,-59.91708,8.7089415,1.108543,182770.55,7.1270909,7.5904632,0.99998701,37.543503,7.438499,1.124819,117776.55,-54.56097,6.8621659,1.09343,-87.05188,5.9652171,1.1773731,119770.44,-37.742916,-9.2829666,1.026142,45828.715,67741.367,126.71246,1.037204
65,3869800.0,-22.625633,10.395565,1.196853,-26.278322,5.7985411,0.879098,2541557.2,-13.091361,20.143457,0.84411299,40274.766,1.996235,77.335632,5.3469172,8.5414667,14.228507,1.067255,1.06988,36667.957,44.955582,4.263123,1.0861681,51.826752,9.0270014,1.033536,22686.906,-21.333105,17.195587,0.83136499,-54.892166,6.584064,1.184727,347529.78,6.8510971,7.206214,1.1908849,36.83033,10.194343,0.86027801,104601.88,-55.309837,7.1993499,0.99963599,-85.381248,5.997735,0.860282,97867.438,-39.181908,-10.656714,0.94195902,64312.863,61223.516,87.906281,0.82413799
66,4598140.5,-21.530169,8.901516,0.862037,-25.232918,5.7469521,1.167159,3078848.2,-13.458095,20.460251,1.134212,42359.695,1.798843,77.363976,4.0330062,9.586956,14.825519,1.048954,0.90684497,67172.766,44.570404,4.690414,0.90475202,53.298569,10.874404,1.0786721,23991.643,-13.903941,15.449729,1.081805,-55.647102,7.0722089,0.859115,104606.59,6.7023768,8.8546791,0.89139003,35.711441,8.2172022,1.0283149,147776.91,-52.31559,6.6372809,1.091045,-89.351379,6.5575581,0.89920801,72216.227,-38.032803,-10.466578,1.189126,39415.621,36893.879,88.305649,1.19783
67,5164966.5,-23.568356,8.8365297,1.009183,-22.22015,5.447453,0.94006199,2299496.8,-18.692247,18.271049,1.108336,65217.184,1.8217959,73.954239,6.5338612,10.168982,18.718182,0.953614,1.152948,38454.195,46.196129,3.7606969,1.062646,52.805031,10.697485,0.88518697,34473.66,-21.858463,15.433316,0.85393298,-57.667381,7.134974,0.87486899,112409.49,12.63624,6.7967,1.124089,33.93108,7.3447852,1.0879019,106290.43,-49.738113,7.6454172,1.059429,-90.384651,6.6918678,1.0759,177747.11,-37.806755,-8.0615044,0.824678,28099.293,74717.125,117.41264,1.12569
68,6186330.5,-22.178093,9.956748,1.16229,-26.694744,5.2165022,0.90887499,5468869.5,-15.094018,21.7754,0.92486,32080.273,2.120383,70.381081,0.035873,8.3322172,13.755484,1.089283,1.0691,34799.094,49.215073,3.693924,0.81029302,47.14632,10.296473,1.138111,20742.291,-20.16287,13.589945,1.139896,-54.319828,8.3819304,0.800933,322873.84,6.8519282,7.4438,1.076934,41.913673,8.3953924,1.00472,97752.828,-56.143864,9.5987997,0.84158301,-86.073105,7.6909509,0.86752301,73755.68,-38.819511,-10.171731,1.199368,97666.508,75992.422,74.319359,1.125594
69,4857020.5,-25.314892,10.275097,0.85363901,-27.94165,5.7700238,0.88110602,4694239.0,-21.871185,19.00157,0.89312601,38834.059,1.93115,70.874939,6.3754859,9.8470964,16.664358,1.140432,0.87417299,34839.133,51.417908,4.3233819,0.944116,49.998577,10.682336,1.146436,38362.836,-17.789469,14.615298,1.0071909,-62.495014,9.3007832,0.86946303,166476.89,11.470337,7.7181001,1.1768709,35.35976,10.795096,1.100768,51492.301,-53.120903,8.0640554,0.85478199,-92.121986,5.3488441,1.072347,112655.27,-44.195183,-11.596878,0.87139201,84811.711,78546.328,131.51714,1.2132829
70,6765419.0,-22.814529,10.432393,0.90274,-28.185431,5.7369728,1.110936,2758390.5,-14.757021,19.33798,1.1212831,32849.535,1.794883,73.937035,-1.572789,7.8302979,13.902367,1.021116,1.074384,56157.301,44.035679,4.564487,0.99320799,51.51759,8.5747089,0.80539101,32876.398,-18.628983,13.323775,0.86659002,-55.141483,7.9489779,0.878838,221300.62,13.480488,9.2619267,0.85419399,35.834133,8.2533474,0.81035298,127854.66,-50.70993,8.5094843,1.129971,-90.564781,6.1125741,0.80589199,129474.43,-36.976871,-11.98431,1.171108,80940.352,63643.867,124.64627,0.87225199
71,5743571.0,-25.286259,7.5063701,0.89909297,-26.563581,4.9648981,0.93183899,6382377.5,-18.044043,21.3692,0.985717,46585.137,1.924263,77.504776,5.0990038,9.7702665,16.442089,1.00999,0.84236997,52337.469,46.874462,4.1305199,0.98831999,46.460873,9.2417221,0.91561699,25296.812,-17.258446,12.485846,1.037351,-56.427822,6.766047,0.96080101,260643.09,8.8340902,7.9903831,0.98914599,38.955662,10.745767,1.007906,134559.34,-48.181515,9.3272943,1.177593,-86.597733,5.8613868,1.047876,85684.195,-44.150387,-10.239477,0.99887502,51355.133,78082.156,40.398777,0.87169302
72,6082051.5,-24.404587,7.9377279,1.1120811,-27.723352,6.9710312,0.80372,3424207.8,-15.537611,17.660803,0.84101403,56321.703,1.79431,78.550385,7.1464882,9.3137493,15.056546,0.84590399,0.88771701,35755.367,51.292522,4.2771478,0.89110798,51.292973,11.530364,0.96085101,28954.326,-19.867039,14.506254,1.06177,-56.902355,8.7979527,0.97960001,225167.5,12.23667,8.1784344,1.09171,41.666531,7.2294159,0.95210701,55205.824,-54.676857,9.1361618,1.106564,-92.743401,7.1336021,0.98640901,70477.672,-43.502628,-8.7634897,0.87142497,93833.281,69162.477,78.776939,0.83047098
73,4819011.0,-27.759232,9.9997578,1.142243,-23.882774,6.8728681,0.92357701,5180038.0,-22.570288,19.693714,0.97443998,33342.941,1.5415961,73.597359,2.0865741,8.4324636,14.568355,0.80803603,1.164746,42424.605,46.629688,3.717818,1.139967,43.841354,8.2700138,0.94475299,14493.106,-14.787795,14.131519,1.044157,-61.62542,8.81565,0.960774,335409.41,10.817736,7.2751622,1.184417,35.126446,8.8916588,1.062543,116849.96,-54.59341,9.3151884,0.97519398,-91.046883,6.135344,0.960971,191341.64,-35.60548,-8.7272348,0.84694302,42490.121,23181.963,113.10741,1.118188
74,3372358.8,-22.515734,11.1375,0.99655497,-20.253296,7.0959201,1.136169,3288475.2,-16.872166,22.289591,1.10264,33644.77,1.894248,78.929268,-0.68722498,8.1192026,13.628247,1.19756,1.054333,62510.996,44.654842,5.071702,1.080556,44.246868,10.903814,0.94713199,24299.494,-19.566719,16.831463,1.096045,-58.033562,8.5286493,1.063305,348941.69,14.858949,9.0876989,0.963664,33.312103,8.621851,0.93659103,66584.352,-50.400394,7.7821822,0.833556,-88.700592,7.2583122,0.82380599,147599.52,-44.057201,-11.657252,1.0654891,68506.555,79215.508,114.98478,0.87926602
75,8111729.5,-21.464146,10.603967,0.822061,-22.722694,6.9970059,1.109766,3805618.0,-16.552034,18.524345,0.88083601,34705.344,1.907129,75.457909,5.9590011,9.6543474,14.466068,1.029544,1.017311,44132.766,50.092422,4.2533622,1.170945,48.463596,9.1502047,1.028865,26598.1,-13.548136,16.487841,0.96595502,-62.935841,8.7743301,0.95647001,328351.88,12.333816,7.1185989,1.0092601,39.205265,8.6543837,1.093648,159620.84,-54.401482,8.4486971,1.048969,-89.966568,6.283401,1.027647,201543.03,-36.51519,-8.4278708,0.81820601,54936.16,24013.246,64.043961,1.146956
76,3381892.5,-28.227028,9.5128298,1.1929049,-21.155586,6.1252518,1.078416,4431746.5,-19.367756,23.081289,0.86615199,35432.082,2.0113959,71.705536,6.8641319,9.1870718,17.748749,0.87929702,1.1590689,27167.182,53.478218,4.1316242,0.94313598,49.822678,8.8369551,1.022406,18721.873,-16.863541,14.203486,0.95113897,-54.487122,8.3219442,1.1697839,212760.95,11.014656,7.1908259,0.82668102,37.449268,7.3658452,0.94092298,140850.39,-51.135109,8.5542898,1.188929,-91.888977,5.4216738,0.89582801,109496.46,-41.426308,-8.6865702,1.04539,91636.766,69190.477,49.167873,0.95602697
77,3060390.5,-29.44755,9.0437555,1.011964,-23.659657,5.0861578,0.916969,3171850.0,-16.868111,22.19425,1.048465,31045.221,1.573841,73.099648,6.8429532,11.124102,14.61834,1.139899,1.127779,17129.85,52.368244,5.0307469,0.985789,50.168766,8.6110373,0.90814799,13986.587,-18.025551,12.528685,1.1851979,-53.782391,8.1204948,1.012198,164819.27,7.2550378,9.6387358,1.1292599,34.602051,7.494235,0.87456203,55132.07,-54.650188,7.945169,0.87616497,-91.299583,5.5605259,1.1112781,141306.27,-39.704891,-9.0954876,0.82621402,60361.73,70264.594,151.97195,0.84334898
78,3609716.0,-27.230721,7.6660252,1.032156,-23.593475,5.0512671,0.93524301,5188865.5,-18.816637,21.051279,1.008213,42748.762,1.817669,75.102921,0.61553198,9.5195827,16.356052,0.834023,0.959903,57089.625,45.22438,3.7428939,1.053563,45.236557,11.337391,1.101212,38688.383,-15.374114,12.081797,1.023422,-55.822044,7.1536241,1.063872,130784.06,10.341006,6.88272,0.94043797,33.469593,8.3168974,0.87026799,134689.45,-55.403362,8.7771597,1.111873,-92.719032,5.896842,0.97152698,113762.77,-43.626247,-9.2844639,0.94256902,29757.15,77433.328,126.02795,1.129748
79,7174188.0,-23.262737,9.8937473,1.001902,-24.795389,5.4521689,1.181581,3912312.5,-18.431202,20.653128,1.018428,27738.283,1.800452,73.913948,1.723299,10.173977,15.930388,0.99558502,0.84066099,26598.285,46.934944,3.6428189,0.90328598,47.622257,11.918463,1.114834,26777.832,-14.34826,12.101965,1.123192,-56.781166,9.4510098,0.95973802,97861.078,13.14466,8.048461,1.0342439,41.417564,8.138257,0.85077798,60409.078,-55.632946,8.2356434,0.883596,-84.818024,7.953692,1.145468,137468.33,-39.456482,-10.809169,0.90280402,44755.043,63715.738,80.867393,1.174709
80,3771096.0,-21.586996,10.8936,1.092949,-26.743959,5.717154,1.182621,4068944.2,-20.057905,17.615198,0.99645299,26902.174,1.567878,75.233955,5.1166248,11.54649,15.734357,1.174101,1.190739,42905.941,45.178513,3.666688,1.1068209,51.897907,9.0200186,1.019019,48171.133,-21.040676,13.437825,1.199734,-58.527699,8.3034601,1.144013,185979.42,11.516428,9.8990412,1.039379,38.365288,8.4709234,0.90167201,132829.08,-56.147331,7.656116,0.98484099,-84.188538,7.7029762,0.96969599,125004.77,-40.31086,-9.4122906,0.98638499,34654.484,71437.828,57.045128,0.84754503
81,5438771.0,-22.634485,10.471569,0.872136,-21.720699,6.2775369,1.191889,4561331.5,-16.804621,19.430883,1.1957411,17171.717,1.5628639,73.77771,5.826673,11.660509,14.421722,1.111485,0.86428797,18264.27,47.893398,4.25528,1.116953,43.923882,9.1346312,0.99439502,26662.066,-22.438162,17.555536,1.100691,-61.750736,9.7817831,1.113971,311891.88,9.8433771,9.0599871,1.154814,39.840649,8.0666828,1.124015,57148.875,-48.136909,7.2320499,0.91535097,-83.921303,7.247437,0.899782,122079.73,-43.460381,-8.4650612,0.87822598,26867.297,77109.414,147.32722,1.053357
82,5866129.0,-22.038832,9.0111895,1.156276,-19.359043,7.3267212,0.867724,5447154.0,-15.328946,22.057722,1.038525,52559.309,1.675348,75.01506,5.506495,11.498788,17.555565,1.0564491,0.99854499,67099.594,45.403694,3.976346,0.90785199,52.657764,9.8831472,1.116976,37301.074,-19.98159,16.722569,1.085875,-57.901344,9.2090282,1.07257,140440.56,10.905721,6.8990369,1.017334,39.090664,7.6606612,1.038789,131566.33,-52.906357,9.8369083,0.97398001,-89.485298,7.251874,0.81862903,80926.094,-35.850842,-8.1501074,1.10116,68445.414,39515.469,41.26833,1.207734
83,2788913.5,-25.677544,7.6684289,0.949413,-20.798489,6.0208831,0.933285,1977819.0,-22.599724,21.043859,0.87639803,25377.139,1.6670491,74.316017,3.559453,10.101275,15.097311,0.982898,0.99628597,56940.594,45.172291,3.7199471,1.0535311,49.687202,10.578664,0.89740402,22317.842,-20.439732,16.999147,0.81019998,-58.737885,7.760046,0.901218,100034.49,7.8654819,8.5042486,1.120365,37.537613,10.577021,1.027732,123818.79,-57.160339,8.8374014,0.98437297,-83.199059,6.3616672,1.155633,74294.469,-37.641411,-8.2832756,0.91306698,29597.318,65371.781,154.37184,1.122716
84,7830987.5,-24.108004,8.5667028,0.80881703,-28.333469,5.050705,1.108712,3758951.0,-20.083838,22.42314,0.94975197,54287.34,1.603334,70.754539,0.64728701,8.5205078,18.50564,1.080739,0.924658,42866.0,51.149689,4.2012329,1.057135,49.048393,8.8044004,0.88814098,23398.814,-13.779613,16.22934,1.012406,-59.851639,6.5735388,1.105273,188290.28,12.865923,9.5835028,0.83368301,36.00935,9.8706293,0.986121,131884.39,-48.521416,7.2102642,0.85753101,-86.478104,5.484405,1.108904,89639.07,-37.246197,-11.957514,1.170507,73896.875,33809.184,112.91991,0.933002
85,3713420.8,-22.72666,11.216351,1.047349,-22.870817,5.4055672,1.056715,2856245.5,-18.481966,22.177143,0.88480902,51676.277,1.71731,74.801155,3.248951,10.449936,18.572838,0.85197598,1.131546,52441.484,46.162998,3.665978,0.928415,53.233276,8.7363901,1.07691,17712.586,-20.556034,15.40023,1.175424,-55.915104,8.1590242,0.95504802,339627.19,15.314761,7.8489819,0.89609802,39.324333,7.8407292,0.97895402,115653.12,-49.444923,8.835969,0.98767501,-90.31498,5.8888412,1.184675,63335.055,-40.942795,-8.3436289,1.0286061,38937.891,24398.729,78.102509,1.148046
86,7483258.0,-21.252913,9.8271742,1.036127,-26.649054,6.4544148,0.91071397,3544786.5,-14.445843,17.386984,1.079814,31832.57,1.892081,74.61895,4.5425162,11.424047,13.54642,1.131546,1.0779721,29561.287,44.529423,4.0850272,1.177331,45.684746,10.747558,0.85560101,22789.873,-17.63295,17.631353,1.083396,-58.124924,7.8313961,1.169818,338798.53,9.4600668,7.527225,1.092973,33.779804,8.810585,1.034696,142284.98,-50.499622,8.1012077,0.91400099,-91.116684,7.9103112,0.80287099,137464.03,-35.859074,-9.7139425,0.86634803,31718.346,40052.57,132.14268,1.169101
87,7675002.0,-21.809305,8.5088472,0.83519399,-27.405548,7.2212329,1.182055,1923403.2,-15.331957,19.660746,1.004541,41654.441,1.505342,75.471138,3.9548581,11.346365,18.624308,0.97749001,0.90287602,40785.961,46.871803,4.9965992,1.11063,47.063663,9.2495861,1.050437,19512.883,-18.355074,13.923084,1.124687,-54.61433,8.1098118,0.85145903,236404.39,7.045907,8.6159296,1.176625,34.560326,10.074226,0.862863,95666.742,-54.808151,8.3972321,0.86732298,-91.042938,5.6428261,0.83565402,107096.61,-40.281307,-10.100176,1.063753,57773.625,61911.391,43.977467,0.929829
88,5632572.5,-29.528584,7.6413388,0.968005,-26.475163,5.6031799,1.1131181,4751472.0,-20.484264,20.041382,0.936239,28760.756,1.744988,74.633049,-2.000278,10.135688,14.097353,0.85548103,1.0472831,36739.16,48.802891,4.1733618,0.81812298,44.097553,10.219491,1.114264,36698.797,-16.138958,12.908536,1.043067,-54.420921,7.574944,1.089583,151331.84,8.1315165,8.4520988,0.80547202,40.408947,8.2294321,1.132316,79513.008,-54.036369,8.1472244,0.90938902,-88.123436,7.0922089,1.154871,136219.84,-43.8843,-10.309726,0.97932398,26825.965,35255.527,147.19356,1.149879
89,4577071.0,-26.035109,8.8995991,0.81812298,-28.476446,6.2545738,1.114264,4661976.0,-15.493958,16.910242,1.043067,59753.301,1.716604,76.439568,0.10155,8.6187286,15.998615,0.80547202,1.136358,31583.623,52.007908,4.0466418,0.935785,48.632133,9.0757046,1.001663,37076.863,-14.428233,14.394188,0.84462798,-58.774315,8.0304537,0.80423599,158649.86,15.347313,9.4071856,0.90857798,35.809303,9.8598213,0.91553003,126849.66,-55.711674,6.9461098,0.91620803,-85.605782,7.7776589,0.976533,94924.734,-39.482494,-11.026119,1.071401,56974.871,27387.217,45.515137,0.91928601
90,6119561.5,-25.467043,10.93361,0.93258899,-25.870785,4.9600692,0.88081902,4836336.0,-17.708925,17.384417,0.92489499,25991.439,2.1334341,76.410347,1.921773,9.6928387,14.289477,1.018923,0.837273,24077.197,45.988384,4.9927559,1.153862,52.339542,9.6128035,1.013484,42909.098,-20.363382,14.786831,1.1285011,-54.714596,8.6345406,0.89721799,206628.09,12.317193,6.8362632,0.83063102,40.282383,8.5823507,1.12229,76054.922,-57.322285,7.3026681,0.871095,-86.423531,5.7255549,1.06141,125238.5,-42.260036,-9.5136738,1.047349,73636.195,75431.844,148.71832,1.11675
91,3505302.5,-22.026609,9.6122751,0.83099103,-23.267105,6.5770049,1.142922,2016104.8,-15.385641,19.27545,0.85703701,30523.064,1.68801,70.205727,2.4725931,10.504902,15.825255,1.148163,1.185028,50239.238,44.801174,3.9778271,1.036772,51.260368,9.5720587,1.055021,14243.723,-19.925545,15.323747,1.107648,-57.28862,7.736239,0.96287698,180442.38,12.11595,7.626318,0.90188199,35.987122,9.7377338,1.152222,43494.469,-57.100609,8.713891,0.87105,-84.929115,7.3753309,1.102486,118012.42,-36.707859,-8.2057781,1.0070519,28588.729,40801.43,138.41901,1.168911
92,6548269.0,-21.261429,9.5415182,0.96414697,-26.902412,7.2763371,1.034837,2817404.2,-20.31362,21.255192,1.079609,58217.98,1.7234581,77.852821,2.601634,8.5284271,17.723219,1.072171,0.97634,36710.496,48.758591,4.295145,1.051059,48.929485,8.8873749,0.98446602,34626.848,-14.561421,13.786687,0.82559401,-56.804825,9.5715742,0.84864599,337965.19,15.04688,7.6229849,1.14039,33.862827,9.9205999,1.0425349,140430.22,-49.994743,7.98208,1.1845289,-87.946907,6.7188811,1.078782,70046.547,-39.42614,-8.2251806,1.098405,72121.898,73382.023,46.732384,0.89404798
93,7434812.5,-22.006998,10.340493,1.100578,-23.71356,5.6530519,0.883232,6203884.0,-17.438271,22.899654,1.111496,44562.215,2.0164759,71.903847,3.101491,10.324718,18.834829,0.90209401,0.96192002,49178.598,45.681515,4.1133208,0.94282103,48.12027,11.04812,1.127445,47892.141,-18.760067,15.076967,0.85723001,-59.856216,8.4120331,1.185173,265528.72,13.557344,6.7914848,0.87671697,35.84351,8.3788929,0.863846,68925.984,-51.430344,7.304008,0.97242802,-88.464371,6.0330591,1.089354,138068.48,-40.440544,-9.3928041,1.102994,51220.703,69173.305,154.5381,1.134745
94,2453059.2,-26.852306,8.7035809,0.811221,-22.28187,5.096972,0.94843,3305358.2,-21.549519,15.921002,1.12769,51453.875,1.967411,75.708145,4.2754412,8.8197203,15.233904,1.091134,1.060769,63174.402,48.178883,5.200141,1.151352,51.949581,11.583699,0.82657701,26543.275,-13.735935,12.067332,0.88199699,-56.030121,8.2316856,0.92895198,338453.62,11.502411,7.9987078,0.91259003,36.331596,7.9530191,1.001457,48691.887,-50.443584,9.4839745,1.0250061,-89.846123,6.9253392,0.84264499,142138.38,-35.077827,-10.861639,1.0216579,63781.805,28788.48,50.586281,0.757855
95,5138380.0,-21.824392,10.779505,1.119103,-27.245657,5.6416922,1.036504,6066046.5,-18.247475,23.208019,0.845276,41564.027,1.903806,71.518272,6.7660222,10.514529,15.629175,0.82692701,1.141143,46639.125,45.798183,4.0659909,0.84953302,46.105076,8.3983631,1.188713,30568.404,-14.822018,13.395545,0.83319998,-56.741428,8.5327787,1.081206,147428.86,11.687578,8.8978968,0.94845599,41.502937,9.3633957,0.83664399,130192.76,-51.777805,8.0202446,0.95527899,-88.937057,7.0581412,0.897241,76533.68,-42.881943,-8.1692076,1.05639,38267.961,63145.867,62.773743,1.039255
96,3803896.2,-25.745569,8.8070574,0.88212597,-23.3167,5.7180648,0.87087399,3992224.2,-17.996908,19.008177,1.144182,62574.277,1.535251,79.083961,-0.218372,9.7683706,17.590282,1.1331379,0.84392798,48945.387,46.826405,4.5932951,1.154883,48.306377,11.335831,1.142542,30661.576,-16.875277,17.136894,0.809358,-61.006252,7.5392652,0.93540502,335116.69,12.272236,7.5478802,0.83603299,34.459808,8.2674589,1.099251,47744.074,-51.97187,8.0992174,1.144658,-89.172646,5.721611,0.83078599,142164.17,-35.635849,-8.16401,1.052235,95827.875,46427.762,145.52881,1.101241
97,7473677.5,-22.574451,9.324008,1.056989,-20.212507,4.9435558,0.87975001,2962925.8,-19.269867,22.860973,1.0468889,28566.037,1.5630569,71.659805,0.795165,10.750676,13.015691,1.018365,0.987432,60943.832,47.692356,3.7703061,0.83078599,48.109901,11.72217,1.183599,36146.992,-14.347708,14.642776,1.164201,-55.975189,8.2653894,0.93829799,113531.87,8.325141,8.7211285,0.944511,37.739948,8.1337414,1.0137531,79975.602,-51.86927,9.6965752,0.91013598,-87.014946,7.4044051,0.86408502,107836.05,-43.893848,-11.549808,0.80594599,97853.219,66171.906,57.038967,1.108744
98,8028758.0,-22.347269,8.3518448,0.96740198,-26.680317,6.061595,1.080547,3466263.2,-13.842499,19.660727,1.087779,62078.391,1.6567481,78.743332,1.071278,8.9975996,17.401077,1.003372,0.93067902,54378.91,44.309715,4.6436248,1.118868,47.663567,11.901385,0.86209798,25773.498,-21.656008,17.345156,0.81148601,-58.756271,9.506937,0.80781502,301920.5,11.835136,8.8785086,0.90661103,41.073154,9.3563128,1.181621,99287.617,-52.984409,8.6040058,1.1562819,-92.009476,6.8508382,1.159086,85376.695,-41.58868,-9.3460102,1.176939,82280.445,69030.352,129.90791,1.009626
99,5543814.5,-24.163395,7.8896179,1.1317689,-23.57653,6.2957368,1.13712,2563126.8,-13.552979,22.618504,1.183233,51986.406,1.995391,72.317223,-0.286486,9.8908787,16.929344,0.84121001,0.86571997,32307.17,49.017082,4.177341,1.123407,45.445492,11.499983,0.83585602,25289.191,-22.505142,13.739274,1.129706,-56.188786,9.6347141,0.90378398,258676.05,11.555057,8.0371618,1.115314,37.850876,10.155655,1.15093,96143.945,-56.386944,8.7963686,1.165235,-84.936958,7.2492852,0.909329,83019.695,-37.640759,-11.787036,1.031482,67104.422,67504.609,90.156418,0.85484201
100,5460488.0,-26.293274,9.4036436,1.0713921,-28.722443,6.8500972,1.1746089,5683886.5,-17.265701,19.798685,1.111124,22615.615,2.108808,71.264099,0.66645402,8.9001913,13.952063,1.029997,0.850398,49421.77,45.482399,5.2504702,1.100469,44.57383,8.9369316,0.93011701,27260.77,-21.725349,16.320049,0.86151302,-55.120541,8.6037331,1.071335,249090.56,13.820375,9.5244541,0.98821801,36.527355,7.768271,0.89546102,83459.492,-48.067501,6.6285329,1.045935,-86.848679,6.1124949,0.92673898,121571.1,-41.951225,-9.0627937,0.96436697,64773.105,32783.961,55.384136,1.223748
101,4843303.0,-24.70463,8.2063446,1.180102,-26.289371,6.6392212,1.0290771,2962128.2,-17.552343,17.034018,0.871373,44266.055,1.508835,70.535316,-0.50501299,9.5833597,18.388327,1.138136,1.072646,38052.152,49.739597,4.35256,1.146525,48.348911,11.370908,0.86656201,31981.205,-14.136588,13.810715,0.97062701,-56.285351,8.6114931,0.972431,329209.78,6.8383989,7.7759809,0.93072098,40.834915,9.3890047,1.052177,48735.0,-56.337631,8.4214172,0.85066801,-87.562164,5.89815,1.005123,108773.05,-40.149712,-9.5022593,0.95951998,63438.715,61431.906,120.40338,1.152879
102,2968391.8,-27.439573,9.7078695,0.94613898,-25.516815,6.6762171,0.84281802,2121753.0,-19.642056,22.678581,1.127535,22624.812,1.893577,77.965988,0.99279898,10.748798,12.776687,1.143034,1.07803,46895.336,46.554543,5.220294,0.887564,45.527111,11.077893,0.81504202,22343.373,-17.049475,17.104994,0.92524499,-57.414715,7.7214422,1.194659,344590.38,9.4070559,6.7966232,1.1924551,40.592209,8.4065704,0.86959398,42028.527,-53.31031,7.258388,1.057007,-92.005653,6.1492319,1.06002,94058.57,-43.300941,-10.864848,0.83681202,80680.867,45705.594,150.73926,0.84536099
103,4709613.5,-24.74633,9.2068329,0.84057802,-27.787254,6.2405391,1.097816,6193133.5,-16.333549,20.947306,1.037868,39179.52,1.936406,76.219818,0.57762301,11.155083,18.69673,1.089329,1.065665,54989.832,47.9814,4.5826311,1.100448,48.066311,8.9053898,1.198316,14397.389,-20.108576,17.687399,0.862459,-56.935497,8.4416103,0.80243897,231387.88,9.2306833,8.4841375,1.135771,38.294518,7.846983,1.003525,144761.58,-50.157501,7.0404181,0.95756298,-88.729546,7.7783699,0.891617,138025.66,-40.018101,-8.4626322,1.095485,28921.139,21872.217,67.731117,0.76682597
104,5282217.5,-23.828827,8.1485538,0.96302301,-18.83041,5.1474261,0.920205,5448665.0,-15.662187,16.794439,1.161544,31006.77,1.683314,78.628937,1.206947,9.2567186,13.687525,1.126633,0.88536698,57900.441,47.085526,5.0498819,1.1860991,46.062164,11.949808,0.993846,49463.664,-18.577108,14.506833,1.082106,-62.461033,8.3844013,0.87483299,171012.02,6.7176981,7.9917202,0.93471497,34.397804,8.2016058,0.85461098,73253.68,-56.417408,7.9763498,0.91435498,-90.713005,7.759768,1.076638,91923.75,-38.890602,-11.466957,0.96759802,67597.508,32861.578,136.6582,1.174763
105,6472807.0,-21.255947,10.777629,1.0122401,-27.913111,6.3424082,0.80739701,4855344.0,-15.228134,17.349936,0.80991101,51405.109,2.1790719,78.918663,2.5598869,10.234697,18.633951,0.88961703,0.96415699,39337.18,52.508724,4.4246912,1.0890599,50.800907,9.6679287,1.034138,29750.982,-19.982384,13.845943,1.045179,-53.613796,8.358943,1.128306,229757.61,11.537644,8.4425268,0.83761698,38.27932,8.2184286,0.93828398,110475.23,-56.070164,7.6864781,1.090068,-92.247093,6.6590629,0.83248299,132921.56,-35.312893,-8.9664898,0.87940401,101353.71,40637.785,80.901634,0.98589998
106,4799685.0,-25.284538,9.232872,0.93270499,-25.697428,6.383955,1.1754479,4187446.0,-14.447349,19.791122,1.017506,42145.504,1.56583,75.479317,0.65897,9.1764135,16.189676,0.854433,0.93711197,53983.648,44.617905,4.3880482,0.83248299,47.612988,11.851093,1.103351,19944.119,-13.639268,14.063778,0.94325298,-58.281998,9.252738,0.942891,248413.92,10.837122,9.1701612,1.179291,36.268063,8.9016628,0.80659598,102535.56,-51.321865,7.2183242,0.932643,-87.043686,7.8916011,1.065811,177577.89,-39.262505,-8.0161848,0.874129,31660.885,27257.703,99.415215,0.82011497
107,2278897.8,-24.894751,10.295449,0.87950999,-23.540203,5.433847,1.076811,2573246.8,-14.600101,23.307171,1.026306,35701.027,1.871845,71.306381,1.704308,11.054248,18.99835,1.083586,0.91393399,21398.338,43.836861,4.205483,0.836577,44.866657,8.7572317,1.160395,28969.504,-22.997318,16.910856,0.884516,-53.305676,7.4136748,1.130672,150367.61,9.1650076,8.9267359,1.125741,37.130386,9.9286413,0.92630601,136171.55,-55.474461,9.2628412,0.86868697,-85.550735,6.0273538,0.84677202,114069.05,-36.690594,-10.922811,1.11095,39814.488,77689.234,63.445114,1.003417
108,3339650.2,-22.12812,9.1546583,0.81210703,-20.589239,5.4026251,1.187773,2775306.5,-14.388196,17.477934,0.92259997,49495.102,2.0700469,74.330383,5.4095602,9.0592718,17.489824,0.87826198,1.129298,25757.576,51.314262,3.9717779,0.84677202,46.599411,11.301114,0.90771902,41651.516,-21.528912,17.768925,0.883573,-57.931667,8.4741516,0.890854,302360.72,6.1315222,9.0567846,1.013574,34.120766,7.2905669,1.0651079,42670.645,-55.98782,7.3447208,0.85482502,-90.327454,6.1711268,0.80634499,71866.297,-35.04063,-11.856626,0.96954298,42061.121,32313.793,153.39825,0.97982597
109,7254493.5,-23.551411,9.1320496,1.173649,-26.706223,5.6075311,1.019238,2482187.8,-14.861197,21.700228,0.87441498,30097.318,1.8496751,74.894844,5.307766,9.5330601,13.188782,1.026596,0.83659601,53106.539,49.380928,4.0906091,0.84495699,52.487679,8.6729431,0.80523503,21960.584,-18.920971,14.102957,1.174837,-58.553074,8.4825134,1.020344,110414.73,11.200962,7.2834411,0.96102798,35.229183,7.3412991,0.899804,119919.37,-49.992634,6.8566298,0.89478201,-84.023064,5.6100502,0.92862701,147873.95,-39.114964,-11.170974,0.93513697,73740.023,41830.113,120.11268,1.2052391
110,4716060.5,-25.415348,8.2470169,1.159358,-25.695009,5.6123428,1.140214,3272567.2,-19.769909,18.759134,1.179371,60927.5,1.94363,71.698082,0.96430498,10.113278,18.519522,1.060606,1.041357,45777.082,49.273193,3.9120591,1.191524,53.311035,10.232856,0.97340298,16583.25,-21.339911,17.877913,1.063439,-53.836979,9.3292952,1.089395,122235.58,14.285701,8.5972891,0.91859901,37.610874,8.8230286,1.033269,53971.438,-52.417152,8.7573919,1.176954,-90.825233,5.7057471,1.11929,104566.06,-38.052525,-10.16607,0.87792897,94534.711,79474.203,54.200455,1.139166
111,3795954.8,-23.101505,9.1788979,0.83603102,-26.20417,5.0102811,1.172708,4957264.0,-15.655741,22.159697,1.026161,53237.414,1.540448,76.314545,7.4412241,9.1355801,16.412516,1.04082,0.97435302,47222.617,45.816681,4.355854,1.082034,46.829971,10.671147,1.1263781,49782.875,-19.867378,17.796276,0.92682099,-58.193474,7.362679,0.812877,224856.23,8.4182596,9.7639799,0.970801,37.809296,9.8265648,1.050848,87165.57,-55.371563,7.737555,1.0643671,-85.031441,6.8068552,0.97312701,66903.922,-35.548698,-11.2629,0.97483701,71609.18,68636.812,133.27139,1.098285
112,2481615.2,-25.745106,8.9972267,1.149851,-19.516045,6.0430112,1.195304,3149610.5,-19.921267,22.470634,0.99413502,23496.715,1.840397,76.76976,1.95333,8.0900517,13.152625,1.1919301,1.023683,48919.531,48.560921,4.0224142,1.187731,51.760777,9.7670364,0.903817,26521.373,-13.323643,13.885138,0.96617299,-55.703094,8.9951448,1.014764,293307.19,7.506485,8.8044453,1.07283,32.892918,7.3278909,0.87271702,115116.03,-50.684761,9.0708294,1.099542,-84.533546,6.5278368,0.88303798,79521.875,-38.710285,-9.8032951,1.170022,63053.008,53771.832,111.94875,0.85874301
113,4219086.5,-21.862862,8.3502302,1.053699,-19.566561,5.0029311,1.12198,2276421.0,-15.668197,16.109995,1.012125,42602.941,1.529745,71.505089,4.3356361,8.1013489,16.35383,0.94298398,0.92587399,46544.172,46.876778,4.8728161,0.83723402,50.367916,10.877444,0.95651197,38397.047,-19.592484,14.284433,0.84403801,-56.534073,8.2944136,1.162186,283571.66,9.537138,8.1484261,0.81559199,38.33223,10.457513,0.86110401,86002.242,-49.811417,7.5541768,0.97825301,-87.723129,5.8046041,0.94738001,66974.938,-44.458729,-11.110428,1.086211,35821.859,48187.504,80.945679,1.080713
114,2275154.5,-27.839861,9.2330208,1.03532,-22.210255,5.6687212,1.007885,4792817.5,-15.027001,17.490044,0.84106898,55101.852,1.6663851,78.616882,3.0952001,8.5868788,15.889505,1.018784,1.186296,19117.141,49.121574,3.6478591,0.94629699,49.638561,9.2004509,0.99286097,14208.503,-22.547932,16.394539,0.81372499,-55.764397,7.7675219,0.953143,216678.59,11.066468,8.7655706,1.183472,32.731472,7.8711448,1.154593,99767.484,-54.677029,7.5581532,1.1097521,-84.324303,5.771472,0.86365801,136866.66,-36.264851,-10.824471,0.90782702,57426.879,66342.289,99.892197,0.77203798
115,6221338.5,-23.960905,9.6224537,0.97642797,-25.838348,6.1245751,0.929851,6054219.0,-18.631754,18.608973,0.80321401,33773.309,1.544543,69.972206,-1.828454,9.0830746,16.74909,1.06371,0.98215997,50966.559,44.692848,5.045773,1.158402,49.032352,11.438873,0.99037498,19978.402,-18.934479,16.890396,0.83193302,-61.189465,9.0222998,1.1203949,155754.78,6.4413962,6.992939,1.126852,36.70536,7.7585449,1.057757,126298.24,-54.18409,8.5995722,0.98401999,-90.889008,7.4112978,1.193795,162986.66,-37.510956,-9.6246271,0.88308299,37814.727,43421.184,104.92129,0.93257201
116,2945461.2,-25.125376,9.8426857,0.90645099,-19.119041,7.1336889,0.953134,4785820.5,-15.612995,18.387157,1.1461591,47012.133,1.69933,75.482895,-1.7318521,10.062707,18.021673,1.1302119,0.82953101,62112.508,47.933224,4.8310452,0.95910698,52.794933,11.581853,1.02918,30527.629,-15.103035,13.207993,1.109337,-57.141041,9.607893,0.84015101,352979.19,14.919104,9.5049801,0.87421799,39.749783,9.6670399,0.90932101,93838.375,-49.167385,9.0428286,0.980425,-83.631348,5.515254,0.972561,163064.31,-35.024189,-10.783453,0.863352,58370.398,29758.055,64.137459,1.03736
117,4270612.5,-22.484024,9.7885447,0.913903,-22.491108,4.9934478,1.0289069,5584623.0,-14.399689,16.299793,1.153824,37589.438,2.0214379,73.177681,6.8249331,11.349752,16.36396,0.99229503,1.127879,27267.943,51.433422,4.551177,1.171694,44.803764,11.872196,1.152764,43582.367,-21.444553,16.64987,1.074116,-60.266968,7.9152732,1.130545,294170.47,10.610623,9.9233084,0.82598299,36.314014,9.1560841,1.1990319,80129.992,-55.847202,7.923439,0.86505401,-91.016502,6.876771,0.98766601,131763.61,-35.131077,-9.9492245,1.018295,66182.492,46798.742,84.57383,1.216091
118,4870406.5,-24.236347,9.0748577,0.91105199,-19.922554,5.5720272,0.94202,1661184.5,-22.169205,17.525545,0.846636,41981.672,1.744558,71.708672,7.6989541,9.5761471,17.616484,0.94061798,0.94974798,49942.73,44.565453,4.0552258,1.116122,49.004631,10.393205,1.035282,14910.39,-16.548063,13.932216,1.0602061,-61.492741,6.6370878,1.006858,116802.52,8.0147095,8.3572092,0.92954099,35.2048,9.4235458,0.84689599,124764.59,-54.504833,7.2252569,1.087036,-83.886787,5.441443,0.98922598,158547.36,-42.457966,-8.9755888,1.051815,41444.609,69389.273,58.969589,0.79749203
119,6204977.5,-28.629511,7.756371,0.85091799,-25.332462,6.5839062,0.89476597,4765013.5,-16.147457,20.192865,1.17632,51158.375,1.599067,70.268814,2.7581129,10.035214,17.165331,0.87205797,0.80653697,38205.949,47.894585,4.383141,0.87148398,51.270859,8.2305689,0.86069,43717.703,-13.679547,13.196695,1.163161,-55.141796,7.5449238,1.120811,115262.38,14.267514,9.453167,1.015105,36.982677,7.8647232,1.071173,161603.09,-52.18375,9.5624228,0.954234,-88.558807,6.9307241,0.940705,139451.22,-36.719707,-11.626158,1.128891,42464.211,70742.258,127.82919,1.214132
120,6438768.5,-21.615082,9.4756966,1.165822,-24.918142,6.011786,1.037969,3223636.5,-18.490955,22.233107,0.83738399,57933.66,1.647756,77.657043,5.4222388,11.455368,18.672596,0.80333501,0.82350802,40844.285,47.106842,4.088974,1.092754,46.410076,11.87183,1.031014,47030.387,-17.57369,16.159042,1.18867,-56.208988,8.6218128,0.95364201,354967.56,9.634223,7.899405,0.86266297,34.055641,9.2923412,1.156204,164017.16,-49.980968,7.7999978,1.147173,-84.75209,6.3132081,1.006482,73202.359,-35.557659,-8.3910179,0.94109499,30246.461,23008.324,151.06679,1.164596
121,6988744.0,-27.073406,8.4997711,0.897035,-25.103548,4.9645672,1.007385,2304478.8,-22.11536,17.680897,1.081166,20330.279,1.823583,69.234016,1.3522739,9.2086706,14.511623,1.074688,1.055421,39461.98,46.760254,3.685276,1.168628,52.788597,8.3060579,1.167918,15497.177,-23.138117,12.036958,0.97951102,-62.499649,7.3429589,0.92667103,143557.72,9.5253859,9.4593401,0.941208,38.585724,7.854342,0.85540098,85905.195,-52.918377,9.7981491,1.157546,-84.533318,7.2973518,1.040082,105048.29,-43.147545,-9.5987339,1.10151,55535.191,72218.523,138.45953,1.055836
122,3026364.2,-24.237928,10.010953,1.012621,-20.211199,5.5193882,0.81279802,3224979.5,-12.854278,22.992416,0.90606499,58311.773,1.522893,77.866432,0.180003,10.233721,17.873198,0.89070201,1.074091,29571.436,51.065044,3.976146,1.01642,51.317749,10.50089,0.94143999,28763.52,-22.859472,16.531567,1.055505,-58.573467,9.6313477,1.199363,139430.52,8.2606344,6.932632,1.067451,36.974709,9.3017054,0.82797903,167373.09,-47.939182,7.0760951,0.85201401,-87.826424,5.9103541,1.168981,129832.91,-37.57476,-9.8322964,0.907215,64810.844,65461.961,136.27567,1.006207
123,7529641.0,-23.71974,7.522572,1.119357,-24.124683,6.2208691,1.186788,3430676.2,-19.878868,15.821731,1.0220619,22901.658,1.64584,75.216644,6.742094,9.8742361,13.963605,0.96276498,1.14554,54806.465,46.924503,4.2422638,1.008883,52.949696,8.9982567,1.185823,18358.869,-14.385781,12.684506,1.11843,-57.003983,6.77005,1.003333,267178.78,11.728561,8.1635513,0.83684999,34.817905,9.9390984,1.019191,159098.8,-54.115131,9.2572889,1.019276,-87.667435,6.8362441,0.88227302,86407.133,-41.705334,-11.375183,1.1128401,35836.438,71396.727,125.75508,1.1644
124,6640941.0,-23.146782,8.0431862,1.093273,-27.171209,7.054666,1.067099,3538918.0,-15.349331,16.691814,1.098812,34009.754,1.857155,69.726196,7.185245,10.572286,14.131832,1.193523,1.0688339,30299.65,47.447956,3.9877751,1.010385,44.99231,9.2097206,1.119634,13708.064,-22.540911,13.935943,0.87055498,-59.35577,8.463562,1.057245,196863.39,13.310386,7.3287368,1.160054,34.332352,9.0016108,1.115912,88996.062,-54.044525,9.0659437,1.042099,-91.980476,7.2964869,1.054834,82759.242,-40.907459,-11.565104,0.86964297,66212.391,76819.672,139.52907,0.92501199
125,5243078.0,-22.286064,10.878954,1.077479,-21.979273,7.0638752,1.120527,5872410.0,-18.826939,21.533262,1.145309,50955.539,1.696279,75.724319,2.109488,9.4770889,18.753944,1.014856,0.92047298,36567.574,45.811943,3.7886469,0.99495,46.597366,9.0377665,0.99176401,40604.242,-13.98766,16.093056,1.098454,-54.415016,7.8070421,0.86608201,319381.47,9.346097,9.7800674,1.068787,38.238876,10.155363,1.003088,93073.031,-55.908897,8.5355101,0.83119202,-92.729576,5.93468,1.010944,148818.31,-35.476181,-9.1295462,0.987198,56905.535,76549.102,74.82196,0.98579001
126,3166391.5,-27.098009,8.6836567,0.877083,-25.53713,5.51685,0.94859201,3702920.8,-18.927111,22.391232,1.1576689,55460.117,1.9174711,72.377197,2.256392,8.5947971,18.545752,0.915703,1.137652,30952.713,51.242344,3.6071489,0.92899001,52.944454,11.103108,1.019169,32087.084,-19.011246,17.488888,1.1614749,-54.152939,8.9128866,1.167933,111153.22,8.5996561,8.0569153,0.89662403,38.186592,9.6140795,1.093394,76804.445,-51.686836,6.9726262,1.019544,-83.746513,7.6309528,1.173684,96861.719,-35.214764,-9.8156996,0.94502097,27617.541,41732.926,89.064224,1.219303
127,4324063.0,-26.773102,7.9587889,1.007413,-28.054436,6.7983141,1.017642,2769457.8,-17.59436,16.962233,1.045517,61985.703,1.943693,78.26001,4.3581638,8.3665333,18.114971,1.067302,1.003698,56414.371,45.262527,4.246347,0.88527298,53.015633,9.6168871,1.052868,46332.871,-15.379013,17.876499,0.91054201,-58.965321,7.2591162,1.041364,345246.06,12.61244,9.550993,1.1826971,32.014812,10.002988,1.035503,100561.64,-52.954109,7.6542358,1.073382,-90.987793,6.6161561,0.89892602,226265.0,-35.424747,-8.6734161,0.88197702,50710.992,67443.547,92.900154,0.780182
128,3464128.5,-25.103893,11.054392,1.060498,-20.348427,7.2239099,0.80059201,5315178.5,-16.767414,19.390369,0.97907603,32980.668,1.978418,71.377205,2.6014459,8.7914944,18.336803,1.18301,1.132658,27452.096,46.868076,4.9116769,0.98427403,44.403641,10.14733,0.991696,22813.336,-20.686991,12.227233,0.94183397,-61.025585,7.4909439,0.80142599,287580.19,14.030951,9.9326458,1.048774,36.83382,9.6543941,0.946666,132384.09,-52.156715,7.9387169,1.1340539,-88.393135,6.3292489,1.051672,162197.84,-35.318886,-9.806901,0.93666399,62028.297,39155.457,121.07445,0.82203698
129,3726433.8,-26.181887,8.3888988,0.97674602,-19.841129,5.1672029,1.1477211,2254680.0,-21.86582,16.030331,1.173861,30498.465,1.680429,70.787262,-1.8597291,8.0968542,18.637669,0.82597202,1.035321,67210.18,46.997303,4.7654238,1.099462,53.647999,8.1430559,1.096819,18619.73,-15.347105,14.947169,0.91559899,-60.690701,9.0704784,1.10587,155473.59,14.363406,8.541853,0.83868301,39.232544,7.3050809,1.053847,147296.8,-48.487267,9.0131636,0.923316,-87.127899,6.5173588,1.112017,91783.555,-44.575729,-10.423178,0.84135503,55857.008,67758.898,147.73819,1.016955
130,7677966.0,-23.808912,8.6493568,1.074882,-19.658482,6.9977789,1.1601959,3867279.5,-20.873999,21.232731,1.02001,29935.227,2.198643,69.938538,0.0082419999,11.62425,18.638699,0.87443,0.88521302,63791.277,44.412083,3.869693,0.83633697,50.75481,10.231239,0.90751201,41894.227,-20.802111,15.513422,1.198524,-55.669979,8.1699839,1.119648,178388.42,12.862256,9.08113,0.94319701,38.280121,9.933259,0.82681,123920.69,-48.125828,9.530736,1.100786,-85.069588,7.7867918,1.197692,100201.34,-35.371544,-9.1638994,0.95652902,40999.492,37383.246,111.68555,1.1984349
131,4915169.0,-21.687305,10.741495,1.074232,-20.937254,6.5074739,1.1387351,3450070.2,-13.049914,18.239889,0.95746601,29343.383,1.945141,70.29985,-1.383611,8.6218033,14.230776,1.042716,1.103587,39855.293,48.066818,3.810041,1.181247,49.087238,8.6051903,0.94884902,42395.137,-20.515526,15.92413,1.032118,-60.683746,8.3627348,1.123935,306979.88,6.8896918,6.9828668,1.065127,41.228134,9.9695644,0.95300001,133166.09,-50.071808,9.4565964,0.96078497,-93.018906,6.440412,1.127423,103151.17,-38.529797,-11.856492,0.98806798,42692.441,29238.861,65.579811,1.0552239
132,3783869.8,-21.934181,8.2189436,1.157923,-28.338598,6.0954552,0.866992,5611643.5,-13.199488,16.092159,1.039942,47310.328,2.050282,78.594116,0.123043,9.2110109,16.983961,0.93584299,1.09522,39881.617,47.062126,5.0003152,0.91468799,45.113644,9.6243763,1.017234,25936.842,-18.387844,17.925842,1.081329,-56.688889,9.7081861,0.88065302,270056.09,12.517365,8.4300766,0.92777097,36.71587,8.4182577,1.0041651,147402.19,-56.622849,6.761261,0.99624401,-91.7995,6.9680982,1.047363,64592.73,-43.026192,-10.263969,1.152456,49085.203,68770.164,143.07178,0.96619898
133,5237515.5,-23.607319,7.6545458,0.91426402,-26.796343,6.161613,1.167429,1519904.4,-16.696238,19.399525,0.91352701,39322.559,1.774791,75.284142,-0.060385998,10.543717,14.087651,0.90728301,0.80653399,54950.281,46.774521,4.9880738,1.133841,45.555988,10.576745,1.198303,35976.816,-16.179983,17.195576,0.82043397,-57.067165,7.9892511,1.163143,202193.27,6.7364101,8.027832,1.044066,38.266685,7.8466811,1.162338,79056.984,-49.674469,7.0273671,0.97496098,-90.673157,7.5308018,1.0295039,79414.172,-36.205669,-8.9839497,0.80144399,94702.078,33560.062,86.253868,1.22471
134,3615042.8,-25.780472,9.5093145,1.192987,-22.126028,6.2096,1.1113009,1956189.8,-16.582153,19.174345,1.153347,30532.756,1.905581,78.429832,2.46842,8.1711559,12.816496,0.83884001,1.033065,35861.133,49.688374,3.5817289,1.142342,48.660187,10.35823,1.163977,33096.453,-14.582854,17.172426,0.85108,-62.099274,8.1053677,1.026702,131791.23,7.7145872,9.9154577,1.140449,37.958359,8.8367596,1.140229,133867.59,-48.77903,9.4987564,0.937199,-92.431282,7.7732768,1.074913,215945.39,-38.3069,-10.337276,0.95747399,86632.391,66044.773,56.537792,0.990839
135,3659700.8,-25.379753,8.46591,0.98062199,-19.500607,6.4206252,1.029231,1631801.9,-22.12936,16.039246,1.195562,44270.809,1.5156831,72.808578,1.9363919,9.1249771,17.199003,0.93844002,0.92714,35490.449,45.865932,3.641094,1.146091,46.888405,10.896403,1.058735,34062.258,-18.642828,12.940058,0.89474702,-62.687279,8.7092991,1.035013,136548.52,7.9246459,7.0799661,1.1562051,39.480675,8.9018517,0.86249799,44657.957,-51.498165,8.1482763,0.82699901,-88.751328,7.4111271,0.96218902,149891.95,-41.10416,-9.5216913,0.97438699,37774.938,76000.82,119.62542,1.137817
136,3616713.2,-24.07777,10.069895,1.118372,-27.044823,5.9952841,1.007571,4939923.5,-16.368256,16.677988,1.0970449,24006.803,1.935922,70.372902,6.0495839,8.9432087,12.989244,0.85277301,0.852633,65387.297,44.718163,4.4845271,0.97338003,52.891979,10.562068,0.89017701,21795.822,-16.397768,15.280705,1.037577,-60.341492,9.3204823,1.1699049,191153.77,7.6129451,9.9320641,0.84850401,33.968578,10.036519,1.0751621,76970.453,-51.390167,8.3727894,1.0705251,-84.456459,5.4993591,1.060396,137456.95,-40.34972,-8.3999319,0.85281801,84413.523,72925.766,119.06146,1.037146
137,6285722.0,-26.675354,9.087491,1.031051,-22.585157,5.9885392,1.190941,5138167.0,-18.537054,18.048227,1.15139,34691.688,1.811342,76.032425,-0.180527,11.611133,14.131416,0.97730601,1.1573091,25088.445,47.608017,3.5342641,1.092937,49.794258,8.4465322,1.069942,23329.951,-16.419189,12.155967,0.81581002,-58.57856,6.6912832,0.937105,293122.47,13.366864,6.9743142,0.97496402,33.050571,7.502274,1.1992019,115659.16,-50.887421,6.7492719,0.86498702,-90.786766,5.486095,1.050562,137278.69,-38.359818,-11.578401,0.98057503,62013.117,78749.414,121.34058,1.104582
138,5360275.0,-22.113226,8.983017,0.936836,-19.90774,6.9218512,1.180073,4057632.0,-13.966819,23.320929,1.087001,26713.711,1.762162,77.564201,-1.995242,10.354248,12.939002,0.88319802,1.084579,62818.062,45.564049,4.0335021,1.099122,45.142067,10.59157,0.92145997,12854.076,-15.546579,14.61182,0.83868998,-55.196316,9.1682873,1.0295039,331475.22,8.781559,8.51717,0.817554,32.253857,8.4588985,0.978122,104622.96,-49.147388,8.8906126,0.90819103,-88.526894,5.6219049,1.085904,130539.2,-39.461498,-9.4542418,1.086164,83969.508,56521.762,47.604889,1.242219
139,4250427.5,-26.705975,7.6607342,0.867176,-25.942307,6.693881,1.000308,3477792.5,-19.983669,18.919313,1.056823,35377.469,2.163064,74.959435,3.1994369,11.082167,17.252239,0.992356,1.014469,30394.035,48.985821,3.9086261,0.92367101,44.292965,9.4598932,1.116528,40830.047,-14.155455,13.246094,0.97468299,-53.629772,8.9663143,1.181288,342941.84,13.161545,9.3635626,1.00687,36.99839,8.131012,0.92961597,131130.78,-48.63213,7.4503851,0.80848002,-84.755089,6.4083581,1.079602,119828.35,-38.756634,-10.075438,1.173546,54038.469,63602.57,67.993156,1.21347
140,2363311.8,-29.458595,8.5691004,1.09592,-23.766291,5.8725519,0.90685302,3493331.2,-16.234438,18.708069,1.178894,45373.109,1.875861,77.528648,4.9561629,9.7052374,16.13006,0.90505099,1.011433,28261.32,46.791775,3.6067619,0.94788498,51.713207,10.999828,1.165782,20288.09,-18.932926,17.622137,1.093453,-53.467804,9.6327753,1.082462,302429.16,11.271748,8.3994598,0.90344602,35.240402,9.7555351,1.151955,75942.305,-57.218994,9.321064,0.959737,-86.174957,6.1721501,1.049735,151492.11,-35.661358,-10.56213,1.0906841,45328.77,75616.414,78.076675,0.85681403
141,3428129.5,-22.62977,10.539476,0.98237997,-24.619209,5.3615041,1.041234,2667921.8,-16.633572,19.058205,0.89467299,30418.68,1.921541,74.555916,-2.0559821,8.964323,15.149195,0.86925602,0.81610698,46238.102,44.569176,4.178679,0.91023099,45.639454,9.128211,0.90612501,45890.059,-16.564114,16.64583,1.181668,-56.553398,7.4060049,1.165203,168131.48,10.254051,9.0483007,1.029659,37.863232,7.4133081,0.81015599,79286.055,-56.860512,7.638752,1.033067,-89.15107,6.6387091,1.140762,98682.141,-42.16888,-9.4990025,0.951572,30068.344,28030.861,93.578362,0.96475601
142,3176458.0,-27.231199,7.5396881,1.095022,-19.237509,5.32691,0.89173597,4722256.0,-17.291023,22.211769,0.90134799,53292.555,1.814448,77.445251,-0.46183699,9.1313286,16.717594,1.128273,1.164396,34809.953,47.322144,3.61939,0.90719199,44.988789,11.940361,1.020909,18515.695,-16.489922,15.893541,1.176156,-61.102608,9.6262302,0.87575197,199665.08,9.3681698,8.0549536,1.199421,40.071342,9.1215353,0.99249899,107450.43,-47.705769,7.747838,0.99568403,-88.748291,5.6790261,1.113469,78939.797,-44.224167,-9.2902184,1.047996,70522.492,70788.281,48.448925,1.111885
143,4722176.0,-26.573645,9.3164797,1.153398,-19.846222,6.503983,1.000734,5218925.0,-12.960596,16.510826,0.91416901,26655.922,1.855811,77.532234,6.1404562,8.5176888,12.812428,0.87395197,0.90280199,40976.281,46.77961,4.4230151,0.87037402,47.53389,10.001209,1.0855041,29826.365,-14.473562,17.184454,0.80896699,-61.428532,7.3358932,1.159341,154990.83,8.743968,8.5130091,0.84225202,41.459183,8.570466,0.98557198,96845.117,-48.90593,7.236702,1.139814,-91.494789,6.3127809,0.84465402,156423.94,-39.166946,-8.3005972,0.989232,57844.684,31525.717,61.618858,0.99840599
144,7433343.0,-24.843367,9.8553429,0.92569101,-25.871805,6.489861,1.169335,3469651.5,-20.116041,20.72929,0.93593597,46130.16,1.728937,78.434471,3.930886,9.5459042,13.997188,1.086121,0.83962101,21433.717,49.250523,3.775002,0.82484603,49.985233,11.795907,0.927845,28623.766,-16.158571,16.442396,0.83631301,-54.862923,8.7199688,1.1829,208063.55,9.8615246,8.7786913,0.88746101,40.585232,9.8351669,0.94379801,71200.055,-47.704357,7.4769669,1.170218,-87.855728,7.3608499,1.107344,119587.27,-37.574291,-8.5969572,1.0917749,94253.656,64497.664,134.16147,1.150902
145,4326734.5,-30.575481,8.9159918,0.83759999,-26.641727,6.431572,1.098732,3845330.0,-17.189415,20.681305,1.074538,30796.609,1.82664,72.317268,0.73387301,8.8592272,15.235087,0.997917,1.1331969,42725.441,49.912876,4.6885228,0.94671798,51.819206,8.115941,0.85031801,19612.393,-21.729116,16.944197,1.028042,-53.425743,9.8337946,0.801332,239047.22,10.55693,9.1900616,1.035197,32.229736,8.8986797,0.97240198,104475.73,-55.420753,7.0877409,1.125249,-83.765747,5.8026319,0.86047697,220273.94,-35.105015,-10.42148,1.107913,32320.727,23834.723,132.39902,1.229696
146,6136958.5,-24.274549,8.5952234,0.98665202,-25.656734,5.5958738,0.90585101,3437724.2,-17.707067,22.272142,1.001768,47685.668,1.964754,72.86795,5.8492069,7.9532962,13.520051,0.875866,0.86283499,59025.664,49.401058,5.2050691,1.1992429,43.833294,10.187691,0.97827703,40067.66,-17.420088,12.137841,0.98874199,-58.689957,8.1928434,0.88041002,133278.47,14.231236,9.8781481,0.86902201,33.511936,10.263366,1.195799,91505.0,-49.733166,6.8277092,0.82556498,-85.182175,7.904181,0.81640601,64319.625,-37.442188,-10.299586,0.94504702,101836.02,22491.949,106.96339,1.104876
147,5212088.5,-25.269398,9.0009003,0.91213,-23.500851,7.0027838,1.030633,3960747.8,-15.71747,19.909063,1.119431,42014.602,1.6056581,76.246422,-1.146476,10.137504,14.237692,1.140065,1.004805,45635.711,47.090107,4.8366728,0.81893599,44.441288,9.2016897,1.1165529,22203.365,-18.975767,12.913398,0.946899,-54.9669,7.3287282,1.060706,243692.27,8.3273468,7.055903,0.87869501,33.448235,9.6749926,1.193607,110339.88,-47.475258,9.1327047,1.1632349,-83.582512,7.6079702,1.1044199,86629.812,-41.872715,-11.685094,0.892398,65352.512,31610.428,142.5692,1.203243
148,3338445.5,-22.285933,10.908508,1.041666,-19.47946,6.4504929,1.054553,1675978.1,-17.904995,19.731298,0.95309597,28543.939,2.01033,71.620888,1.03916,8.4305925,16.651552,0.93355602,0.82356399,31496.17,43.733101,4.6396742,0.93054998,45.222809,8.380291,1.16213,44325.16,-18.318417,12.358836,1.011907,-62.957813,8.3004827,0.85591501,271511.81,12.761689,9.576314,0.811095,35.334774,8.8263254,0.99157703,128383.02,-48.252506,8.3589172,0.902224,-85.819099,5.5156188,1.174057,101868.28,-41.798161,-9.5270977,1.022778,46090.109,72177.82,44.171814,0.98898602
149,2875758.0,-25.770842,8.6744337,0.96431601,-26.498018,7.044621,0.87876898,4496643.5,-12.989262,21.683958,1.181389,20211.271,2.089869,69.670456,0.642618,10.778827,15.335443,0.84895301,0.91347897,46071.633,47.811031,4.426302,0.99267697,46.139515,8.5760527,0.87991601,49531.555,-13.890943,14.694955,0.99144298,-53.686382,7.6243048,1.168519,196814.06,9.8666878,9.7778006,1.101193,33.641823,7.319212,0.83349597,141358.52,-55.914566,7.9536529,0.89696598,-88.936562,5.4163408,0.97724003,65219.125,-39.078388,-9.3331156,0.91958398,60999.141,26372.426,50.871834,1.1898299
150,6636632.5,-21.740164,9.0147161,0.95066202,-19.96294,5.4070539,0.92092597,2838709.5,-15.461109,17.323021,0.99563199,25547.25,1.586036,69.772293,2.972702,9.4468584,12.864499,1.005867,1.012656,50240.793,43.911564,4.4543142,0.88410503,45.585297,8.9607487,1.1186481,39297.438,-20.517767,14.042236,1.0209531,-62.074169,8.18995,1.183349,335964.0,14.358526,7.8914671,0.97567397,37.178818,7.859086,0.89425701,57552.199,-51.180859,8.0945005,1.011536,-85.408485,7.4927158,1.13901,169331.78,-35.711136,-11.864558,1.00411,29989.787,38005.465,140.34698,1.054688
151,4693321.0,-27.12735,7.6919131,1.076169,-24.587381,5.8344612,0.95540297,5322664.0,-14.415106,20.863216,0.86278898,26575.537,1.906201,73.801003,7.2037058,10.979609,13.527474,1.010112,1.176285,46922.266,51.797047,4.5109811,0.91226298,51.723656,9.2241278,1.190367,29228.082,-22.323059,17.040754,1.0879591,-54.692352,8.0166283,1.1478601,308131.12,12.256444,8.5381308,0.911645,32.800915,10.783555,0.86998701,78551.492,-52.182629,7.4927959,1.148102,-90.35907,6.5440068,1.040115,116722.68,-38.263641,-11.817711,1.196454,102686.41,65756.023,42.563606,0.93068397
152,3468685.2,-22.057169,11.096633,0.939264,-22.863741,5.924871,0.91189498,2980317.5,-18.057777,20.640858,1.118129,53369.758,1.9699661,77.794983,5.1478539,10.043025,18.885258,0.88694602,1.027885,67699.547,45.6847,4.1492529,0.84707201,50.130329,9.8040485,0.812168,30413.072,-16.99976,16.740793,0.86035198,-58.804344,9.4592953,0.96441901,138467.3,14.218475,7.975307,1.189793,36.410706,7.8629212,0.85651499,64405.68,-47.612228,7.096385,0.92729199,-90.12793,5.45047,1.175194,167262.56,-41.477974,-8.361867,1.0604841,59457.711,55707.961,72.438072,1.1411
153,6104053.0,-23.184769,10.256412,1.068552,-20.179016,6.6742978,1.026894,6249963.0,-20.481342,20.20093,1.197643,26121.973,1.750271,70.376808,4.1603308,9.6075754,12.913477,0.99107301,1.0520101,57296.746,45.20879,4.2584348,1.153573,47.910473,8.7005978,1.1247391,26510.119,-13.555176,14.646424,0.873658,-61.587116,7.1472602,1.192751,133989.8,9.2823067,7.7404571,0.81628102,41.379856,9.23734,0.94088101,156228.33,-50.918888,7.9691739,1.038053,-90.307045,7.4309211,0.90334702,140363.36,-36.230976,-8.9701147,0.99969298,83377.898,52059.055,148.13068,1.245441
154,8184113.0,-23.926434,10.505363,1.136726,-27.912241,6.5476761,1.119742,3308500.0,-20.221031,17.93342,1.134084,36442.262,1.547838,78.345604,4.8060699,11.166959,15.448956,0.93295503,1.124324,46050.277,43.766964,4.5727162,0.82883102,53.177509,11.596759,0.97981602,41629.18,-20.205898,13.645666,1.098065,-62.340515,8.3601933,1.146632,193501.06,14.724066,8.4642191,0.81628901,36.714928,10.755223,0.96965498,110342.15,-50.311523,9.751667,0.84438902,-89.547897,5.5644631,1.151848,232585.73,-39.628384,-8.2854795,0.81410903,35301.77,50094.387,44.541187,0.84013098
155,2100000.0,-31.138,7.50632,0.80000001,-28.774,4.8864002,0.80000001,1500000.0,-22.655001,15.719,0.80000001,16000.0,1.5,69.199997,-2.1700001,7.8239999,12.72,0.80000001,0.80000001,17000.0,43.700001,3.52,0.80000001,43.799999,7.9840002,0.80000001,12500.0,-23.299999,12.0,0.80000001,-63.0,6.5599999,0.80000001,90000.0,6.0999999,6.7199998,0.80000001,32.0,7.1999998,0.80000001,41900.0,-57.431,6.5618401,0.80000001,-93.165001,5.3417602,0.80000001,62000.0,-45.0,-8.0,0.80000001,26000.0,20000.0,39.0,0.75
156,8500000.0,-21.138,11.25948,1.2,-18.774,7.3295999,1.2,6400000.0,-12.655,23.586,1.2,67000.0,2.2,79.199997,7.8299999,11.736,19.08,1.2,1.2,68000.0,53.700001,5.2800002,1.2,53.799999,11.976,1.2,50000.0,-13.3,18.0,1.2,-53.0,9.8400002,1.2,360000.0,16.1,10.08,1.2,42.0,10.8,1.2,167600.0,-47.431,9.8427601,1.2,-83.165001,8.01264,1.2,248000.0,-35.0,-12.0,1.2,104000.0,80000.0,156.0,1.25
